word,lemma,POS,IC,English,Animate,Innapropriate,Derivational,Potentially_Use,Other_POS,Span_Dic_Freq,Verb_Frequency,Adj_Frequency,Other_Freq,Regional_Use,Regional_dont_use,Use,log_freq,stim_list
alta,alta,nfs    ,NC_A,certificate of discharge/ entry into profession / tax declaration,,,,1,adj,1619,,1,,,3,0,,1
alto,alto,nms    ,NC_O,height,,,,1,"adj, adv",46210,,1,1,,4,0,,1
ara,ara,nms    ,NC_A,altar,,,,1,beware of verb,6497,1,,,,,0,,1
aro,aro,nms    ,NC_O,hoop/ring,,,,1,beware of verb,19416,1,,,,,0,,1
banca,banca,nfs    ,NC_A,bench,,,,1,V,184377,1,,,,,0,,1
banco,banco,n,NC_O,bank/bench,,,,1,V,397364,1,,,,,0,,1
barra,barra,nfs    ,NC_A,bar/counter; bar/rod,,,,1,V,95716,1,,,,,0,,1
barro,barro,n,NC_O,mud,,,,1,"V x2 (-ar, -er)",44808,1,,1,,,0,,1
batida,batida,nfs    ,NC_A,beating/search/radi,,,1,1,"adj, v",2470,1,1,,,,0,,1
batido,batido,nms    ,NC_O,"smoothie, whiped cocktail",,,1,1,"Adj, V",11836,1,1,,,,0,,1
bola,bola,nfs    ,NC_A,"ball, testicle, scoop, hilt, muscle",,,,1,Adj,70630,,1,,,25,0,,1
bolo,bolo,nms    ,NC_O,"bowling pin, bolivar, gig, ",,,,1,Adj,3548,,1,,,26,0,,1
bomba,bomba,nfs    ,NC_A,"bomb, pump, lampt globe, smash hit",,,,1,Adj,136471,,1,,,27,0,,1
bombo,bombo,nms    ,NC_O,"bass drum, bass drum player, barge",,,,1,Adj,17815,,1,,,28,0,,1
calzada,calzada,nfs    ,NC_A,"road, path, lane",,,,1,exists as adj,52597,,1,,,,0,,1
calzado,calzado,nms    ,NC_O,footgear,,,,1,exists as adj,65524,,1,,,,0,,1
capa,capa,nfs    ,NC_A,"cloak, cape, coat, sheet, layer, guise",,,,1,V,,1,,,,,0,,1
capo,capo,nms    ,NC_O,"gangaster, boss, chief",1,,,1,V,,1,,,,,0,,1
careta,careta,nfs    ,NC_A,"face mask, pork cheek",,,,1,also adj,,,1,,,,0,,1
careto,careto,nms    ,NC_O,face,,,,1,Adj,,,1,,,43,0,,1
carga,carga,nfs    ,NC_A,"load, burden, cargo",,,,1,V,,1,,,,,0,,1
cargo,cargo,nms    ,NC_O,"charge, burden, position, debit, charge",,,,1,V,,1,,,,,0,,1
carpa,carpa,nfs    ,NC_A,tent,,,,1,V,,1,,,,,0,,1
carpo,carpo,n,NC_O,"carpus, wrist",,,,1,V,,1,,,,,0,,1
cava,cava,nfs    ,NC_A,dig,,,,1,"Adj, V",,1,1,,,,0,,1
cavo,cabo,n,NC_O,"burrow, den",,,,1,also an adjective,,,1,,,,0,,1
ceba,ceba,nfs    ,NC_A,onion,,,,1,V,,1,,,,,0,,1
cebo,cebo,nms    ,NC_O,"bait, fodder",,,,1,V,,1,,,,,0,,1
centena,centena,nfs    ,NC_A,unit of hundred objects,,,,1,also adj,,,1,,,,0,,1
centeno,centeno,nms    ,NC_O,rye,,,,1,also adj,,,1,,,,0,,1
chava,chava,nfs    ,NC_A,corpse,,,,1,also adj,,,1,,,,0,,1
chavo,chavo,nms    ,NC_O,boy/kid,1,,,1,also adj,,,1,,,,0,,1
chicha,chicha,nfs    ,NC_A,"flesh, boob, peruvian drink",,,,1,V,,1,,,,,0,,1
chicho,chicho,nms    ,NC_O,love handle,,,,1,"carribean, V",,1,,,,,0,,1
clava,clava,nfs    ,NC_A,club,,,,1,also verb,,1,,,,,0,,1
clavo,clavo,nms    ,NC_O,"nail, clove, corn, headache, scab",,,,1,V,,1,,,,,0,,1
cobija,cobija,nfs    ,NC_A,blanket,,,,1,"mexico, columbia, venezuela; also verb",,1,,,,,0,,1
cobijo,cobijo,nms    ,NC_O,"bedroom, shelter, protection",,,,1,also verb,,1,,,,,0,,1
cobra,cobra,nfs    ,NC_A,cobra,,,,1,also verb,,1,,,,,0,,1
cobro,cobro,nms    ,NC_O,"payment, cashing, charge",,,,1,also verb,,1,,,,,0,,1
coda,coda,nfs    ,NC_A,"coda, ",,,,1,also adj,,,1,,,,0,,1
codo,codo,nms    ,NC_O,elbow,,,,1,also adj,,,1,,,,0,,1
conseja,conseja,nfs    ,NC_A,"old wiv'es tale, fable",,,,1,also v,,1,,,,,0,,1
consejo,consejo,nms    ,NC_O,"advice, council",,,,1,also v,,1,,,,,0,,1
copa,copa,nfs    ,NC_A,glass,,,,1,also V,,1,,,,,0,,1
copo,copo,nms    ,NC_O,flake (cereal),,,,1,also V,,1,,,,,0,,1
cordada,cordada,nfs    ,NC_A,rope team,,,,1,also Adj,,,1,,,,0,,1
cordado,cordado,nms    ,NC_O,chordate,,,,1,also Adj,,,1,,,,0,,1
corrida,corrida,nfs    ,NC_A,"sprint, bulfight",,,,1,adj,,,1,,,,0,,1
corrido,corrido,nms    ,NC_O,folk song (MX),,,,1,adj,,,1,,,,0,,1
corta,corta,nfs    ,NC_A,cutting (of trees),,,,1,adj/v,,1,1,,,,0,,1
cortada,cortada,nfs    ,NC_A,"cut (LA), shortcut (AG, BV, UR)",,,,1,Adj/V,,1,1,,,,0,,1
cortado,cortado,nms    ,NC_O,coffee,,,,1,Adj/V,,1,1,,,,0,,1
corto,corto,nms    ,NC_O,short (film),,,,1,Adj/V,,1,1,,,,0,,1
corva,corva,nfs    ,NC_A,ham (back of knee),,,,1,adj/v,,1,1,,,,0,,1
corvo,corvo,nms    ,NC_O,hook,,,,1,adj/v,,1,1,,,,0,,1
cosa,cosa,n,NC_A,thing,,,,1,adj/v,,1,1,,,,0,,1
coso,coso,nms    ,NC_O,"bullring, woodowrm, thingy",,,,1,adj/v,,1,1,,,,0,,1
cu√±a,cu√±a,nfs    ,NC_A,"wedge, chock",,,,1,V,,1,,,,,0,,1
cu√±o,cu√±o,nms    ,NC_O,stamp,,,,1,V,,1,,,,,0,,1
cuadra,cuadra,nfs    ,NC_A,"city block (LA), stable, ward",,,,1,V,,1,,,,,0,,1
cuadro,cuadro,n,NC_O,"square, rectanlge",,,,1,V,,1,,,,,0,,1
cubierta,cubierta,nfs    ,NC_A,"cover, envelope, sheath, hood",,,,1,Adj/V,,1,1,,,,0,,1
cubierto,cubierto,nms    ,NC_O,cutlery,,,,1,Adj/V,,1,1,,,,0,,1
cuca,cuca,nfs    ,NC_A,"earth almond, caterpillar, gambling woman, penis, cookie",1,,,1,Adj,,,1,,,,0,,1
cuco,cuco,nms    ,NC_O,"cuckoo, bogeyman",1,,,1,ADJ,,,1,,,,0,,1
cuenta,cuenta,nfs    ,NC_A,"count, talley, tab, report",,,,1,V,,1,,,,,0,,1
cuento,cuento,n,NC_O,Story,,,,1,V,,1,,,,,0,,1
custodia,custodia,nfs    ,NC_A,custody,,,,1,V,,1,,,,,0,,1
custodio,custodio,nms    ,NC_O,"Guardian, keeper, custodian",1,,,1,V,,1,,,,,0,,1
data,data,nfs    ,NC_A,date,,,,1,V,,1,,,,,0,,1
dato,dato,n,NC_O,Datum (piece of info),,,,1,V,,1,,,,,0,,1
derecha,derecha,nfs    ,NC_A,right,,,,1,Adj,,,1,,,,0,,1
derecho,derecho,nms    ,NC_O,Right (in law),,,,1,Adj,,,1,,,,0,,1
desgana,desgana,nfs    ,NC_A,reluctance,,,,1,V,,1,,,,,0,,1
desgano,desgano,nms    ,NC_O,Apathy,,,,1,V,,1,,,,,0,,1
diestra,diestra,nfs    ,NC_A,right hand (assistant),1,,,1,Adj,,,1,,,,0,,1
diestro,diestro,nms    ,NC_O,"Right handed person, bullfighter",,,,1,Adj,,,1,,,,0,,1
diva,diva,nfs    ,NC_A,diva,,,,1,Adj,,,1,,,,0,,1
divo,divo,nms    ,NC_O,"star, celebrity ",,,,1,Adj,,,1,,,,0,,1
doma,doma,nfs    ,NC_A,"horse taming, domestication",,,,1,Adj,,,1,,,,0,,1
domo,domo,nms    ,NC_O,Dome,,,,1,V,,1,,,,,0,,1
dorada,dorada,nfs    ,NC_A,gilt-head bream,,,,1,Adj/V,,1,1,,,,0,,1
dorado,dorado,nms    ,NC_O,"plating with gold, various species of fish",,,,1,Adj/V,,1,1,,,,0,,1
especia,especia,nfs    ,NC_A,spice,,,,1,V,,1,,,,,0,,1
especio,espacio,n,NC_O,space,,,,1,V,,1,,,,,0,,1
espina,espina,nms    ,NC_A,"thorn, fishbone",,,,1,V,,1,,,,,0,,1
espino,espino,nms    ,NC_O,"hawthorn, buckthorn",,,,1,V,,1,,,,,0,,1
estada,estada,nfs    ,NC_A,"stay, sojourn",,,,1,V,,1,,,,,0,,1
estado,estado,nms    ,NC_O,"country, land, state",,,,1,V,,1,,,,,0,,1
estera,estera,nfs    ,NC_A,doormat,,,,1,V,,1,,,,,0,,1
estero,estero,nms    ,NC_O,"river delta, lagoon",,,,1,V,,1,,,,,0,,1
estrena,estrena,nfs    ,NC_A,"gift, present, premiere",,,,1,V,,1,,,,,0,,1
estreno,estreno,nms    ,NC_O,premiere,,,,1,V,,1,,,,,0,,1
faja,faja,nfs    ,NC_A,"strip, belot, corset, sash, lane of highway",,,,1,V,,1,,,,,0,,1
fajo,fajo,nms    ,NC_O,"bundle, wad",,,,1,V,,1,,,,,0,,1
falla,falla,nfs    ,NC_A,"flaw, failure, outage",,,,1,V,,1,,,,,0,,1
fallo,fallo,n,NC_O,"mistake, failure, ruling",,,,1,V,,1,,,,,0,,1
fila,fila,n,NC_A,"line, row, rank",,,,1,V,,1,,,,,0,,1
filo,filo,nms    ,NC_O,"edge, phylum",,,,1,V,,1,,,,,0,,1
flora,flora,nfs    ,NC_A,flora,,,,1,V,,1,,,,,0,,1
floro,floro,n,NC_O,"(peru) lie, deceit",,,,1,V,,1,,,,,0,,1
fosa,fosa,nfs    ,NC_A,"cavity, grave, pit",,,,1,V,,1,,,,,0,,1
foso,foso,nms    ,NC_O,"ditch, moat, trap",,,,1,V,,1,,,,,0,,1
fruta,fruta,nfs    ,NC_A,Fruit,,,,1,V,,1,,,,,0,,1
fruto,fruto,n,NC_O,"any fruit from plant, any vegetable, profit from an activity",,,,1,V,,1,,,,,0,,1
funda,funda,nfs    ,NC_A,"case, bag used to wrap and protect something",,,,1,V,,1,,,,,0,,1
fundo,fundo,nms    ,NC_O,"countryside, estate, farm",,,,1,V,,1,,,,,0,,1
gala,gala,nfs    ,NC_A,gala,,,,1,Adj,,,1,,,,0,,1
galo,galo,nms    ,NC_O,Gaulish Language,,,,1,Adj,,,1,,,,0,,1
ganada,ganado,n,NC_O,"(AG) profit, gain, eranings",,,,1,Adj/V,,1,1,,,,0,,1
ganado,ganado,n,NC_O,"livestock, cattle, swarm",,,,1,Adj,,,1,,,102,0,,1
gesta,gesta,nfs    ,NC_A,"feat, achievement, herioic deed",,,,1,V,,1,,,,,0,,1
gesto,gesto,nms    ,NC_O,"gesture, expression",,,,1,V,,1,,,,,0,,1
gira,gira,nfs    ,NC_A,tour,,,,1,V,,1,,,,,0,,1
giro,giro,nms    ,NC_O,"turn, spin, tour",,,,1,V,,1,,,,,0,,1
grada,grada,nfs    ,NC_A,"staircase step, sieve, ",,,,1,V,,1,,,,,0,,1
grado,grado,nms    ,NC_O,"degree, grade, level, step",,,,1,V,,1,,,,,0,,1
gram√°tica,gram√°tica,nfs    ,NC_A,grammar,,,,1,Adj,,,1,,,,0,,1
gram√°tico,gram√°tico,nms    ,NC_O,grammarian,,,,1,Adj,,,1,,,,0,,1
grana,grana,nfs    ,NC_A,"seeding (planting of seeds)< cochineal, burgundy",,,,1,V,,1,,,,,0,,1
granizada,granizada,nfs    ,NC_A,hailstorm,,,,1,V,,1,,,,,0,,1
granizado,granizado,nms    ,NC_O,slushie,,,,1,V,,1,,,,,0,,1
grano,grano,nms    ,NC_O,grain,,,,1,V,,1,,,,,0,,1
guisa,guisa,nfs    ,NC_A,"manner, guise, way, habbit",,,,1,V,,1,,,,,0,,1
guiso,guiso,nms    ,NC_O,stew,,,,1,V,,1,,,,,0,,1
helada,helada,nfs    ,NC_A,"frost, freezing, (SAL) handcuffs",,,,1,Adj/V,,1,1,,,,0,,1
helado,helado,nms    ,NC_O,icecream,,,,1,Adj/V,,1,1,,,,0,,1
huma,huma,n,NC_A,(chile) tamale,,,,1,V,,1,,,,,0,,1
humo,humo,nms    ,NC_O,"smoke, steam, fume",,,,1,V,,1,,,,,0,,1
le√±a,le√±a,nfs    ,NC_A,"firewood, kindling",,,,1,V,,1,,,,,0,,1
le√±o,le√±o,nms    ,NC_O,"log, piece of wood, timber",,,,1,V,,1,,,,,0,,1
libra,libra,nfs    ,NC_A,Libra (zodiac),,,,1,v,,1,,,,,0,,1
libro,libro,nms    ,NC_O,book,,,,1,v,,1,,,,,0,,1
lima,lima,nms    ,NC_A,"lime, file (tool)",,,,1,V,,1,,,,,0,,1
limo,limo,nms    ,NC_O,"mud, slime",,,,1,V,,1,,,,,0,,1
llana,llana,nfs    ,NC_A,trowel,,,,1,Adj,,,1,,,,0,,1
llano,llano,nms    ,NC_O,plain (grass),,,,1,Adj,,,1,,,,0,,1
manda,manda,nfs    ,NC_A,vow,,,,1,V,,1,,,,,0,,1
mando,mando,nms    ,NC_O,"command, remote control (SP)",,,,1,V,,1,,,,,0,,1
manga,manga,n,NC_A,"sleeve, (tennis) set, manga",,,,1,V,,1,,,,,0,,1
mango,mango,nms    ,NC_O,"handle, mango (fruit and tree)",,,,1,V,,1,,,,,0,,1
marca,marca,nfs    ,NC_A,"brand (of clothes)< mark, pring, record",,,,1,V,,1,,,,,0,,1
marco,marco,nms    ,NC_O,"frame, fraemwork, ",,,,1,V,,1,,,,,0,,1
marina,marina,nfs    ,NC_A,navy ,,,,1,Adj/V,,1,1,,,,0,,1
marino,marino,nms    ,NC_O,"sailor, seaman",1,,,1,Adj/V,,1,1,,,,0,,1
maya,maya,nms    ,NC_A,"maya person, language",1,,,1,Adj,,,1,,,,0,,1
mayo,mayo,nms    ,NC_O,may,,,,1,V,,1,,,,,0,,1
misa,misa,nfs    ,NC_A,mass (church),,,,1,V,,1,,,,,0,,1
miso,miso,n,NC_O,miso (food),,,,1,V,,1,,,,,0,,1
moca,moca,nms    ,NC_A,V// misspelling of mocha???,,,,1,V,,1,,,,,0,,1
moco,moco,nms    ,NC_O,"mucus, slime, ",,,,1,V,,1,,,,,0,,1
monta,monta,nfs    ,NC_A,"riding, mountain, total, importance",,,,1,V,,1,,,,,0,,1
monto,monto,nms    ,NC_O,amount,,,,1,V,,1,,,,,0,,1
morada,morada,nfs    ,NC_A,"abode, dwelling, resting place",,,,1,Adj,,,1,,,,0,,1
morado,morado,nms    ,NC_O,"purple, mulberry, bruise",,,,1,Adj,,,1,,,,0,,1
mosca,mosca,nfs    ,NC_A,fly (insect),,,,1,V,,1,,,,,0,,1
mosco,mosco,n,NC_O,mosquito,,,,1,V,,1,,,,,0,,1
papada,papada,nfs    ,NC_A,double chin,,,,1,V,1746,1,,,,,0,,1
papado,papado,nms    ,NC_O,papacy,,,1,1,V,3675,1,,,,,0,,1
pareja,pareja,nfs    ,NC_A,"couple, pair",,,,1,Adj,930990,,1,,,,0,,1
parejo,parejo,n,NC_O,"level, uniform",,,,1,Adj,0,,1,,,,0,,1
partida,partido,n,NC_O,"departure, game of card, certificate (of death)",,,,1,Adj,244972,,1,,,,0,,1
partido,partido,n,NC_O,"political party, sports game, advantage/benefit",,,,1,Adj,3563242,,1,,,,0,,1
pasa,paso,n,NC_O,Raisin,,,,1,Adj/V,45905,1,1,,,,0,,1
paso,paso,nms    ,NC_O,"pace, step, passage",,,,1,Adj/V,1486233,1,1,,,,0,,1
pasta,pasta,nfs    ,NC_A,"pasta, (SP) money",,,,1,V,66693,1,,,,,0,,1
pasto,pasto,n,NC_O,"pasture, lawn, grass, Pashto (Language)",,,,1,V,51528,1,,,,,0,,1
pela,pela,nfs    ,NC_A,"hit, beating",,,,1,V,4419,1,,,,,0,,1
pelo,pelo,n,NC_O,hair,,,,1,V,147588,1,,,,,0,,1
pero,pero,nms    ,NC_O,but (from conj.),,,,1,Conj,355361,,,1,,,0,,1
pica,pica,nfs    ,NC_A,"pike, lance, pick, spade (in cards)",,,,1,V,8064,1,,,,,0,,1
pico,pico,n,NC_O,"beak, sharp point, beak",,,,1,V,92324,1,,,,,0,,1
pincha,pincha,np,NC_A,DJ/disc-jockey (SP),,,,1,V,0,1,,,,,0,,1
pincho,pincho,nms    ,NC_O,"Skewer, shank, (PU) Penis",,1,,1,V,2749,1,,,,,0,,1
pisa,pisa,nfs    ,NC_A,"tread, stamp, brothel",,1,,1,V,603,1,,,,,0,,1
piso,piso,n,NC_O,"floor, level, tier,",,,,1,V,311483,1,,,,,0,,1
pita,pita,nfs    ,NC_A,"agave, pita fiber, pita bread",,,,1,V,2117,1,,,,,0,,1
pito,pito,nms    ,NC_O,"whistle, fife, catcall, penis",,1,,1,V,5570,1,,,,,0,,1
pl√°stica,pl√°stica,nfs    ,NC_A,art (school subject),,,,1,adj,6720,,1,,,,0,,1
pl√°stico,pl√°stico,nms    ,NC_O,plastic,,,,1,adj,135220,,1,,,,0,,1
plana,plana,nfs    ,NC_A,"face of paper, page of newspaper",,,,1,Adj,18853,,1,,,,0,,1
plano,plano,nms    ,NC_O," flat, street plan",,,,1,Adj,157575,,1,,,,0,,1
polla,polla,nfs    ,NC_A,"a young hen, a drink ",,,,1,Adj,1340,,1,,,,0,,1
pollo,pollo,nms    ,NC_O,"chicken meant, a young chick",,,,1,Adj,91988,,1,,,,0,,1
puesta,puesta,nfs    ,NC_A,"clutch (of eggs), sunset, tie/draw, placement",,,,1,Adj/V,408098,1,1,,,,0,,1
puesto,puesto,nms    ,NC_O,"market stall, professional position",,,,1,Adj/V,638728,1,1,,,,0,,1
puja,puja,nfs    ,NC_A,"bid, struggle",,,,1,V,22425,1,,,,,0,,1
pujo,pujo,nms    ,NC_O,(medicine) pushing,,,,1,V,187,1,,,,,0,,1
puntera,puntera,nfs    ,NC_A,"(computing) pointer, leader, outstanding person",1,,,1,Adj,1664,,1,,,,0,,1
puntero,puntero,nms    ,NC_O,toe (of a shoe),,,,1,Adj,31878,,1,,,,0,,1
quiebra,quiebra,nfs    ,NC_A,"crack, ravine, bancruptcy",,,,1,V,54718,1,,,,,0,,1
quiebro,quiebro,nms    ,NC_O,"dodge, swerve,",,,,1,V,841,1,,,,,0,,1
r√≠a,r√≠a,nfs    ,NC_A,mouth of a river,,,,1,V,8533,1,,,,,0,,1
r√≠o,r√≠o,nms    ,NC_O,river,,,,1,V,456810,1,,,,,0,,1
rastra,rastra,nfs    ,NC_A,"rake, harrow",,,,1,V,2836,1,,,,,0,,1
rastro,rastro,nms    ,NC_O,"sign, trace, trail, rake",,,,1,V,52074,1,,,,,0,,1
raya,raya,nfs    ,NC_A,"line, limit, scratch, ray",,,,1,V,25902,1,,,,,0,,1
rayo,rayo,nms    ,NC_O,"beem, ray (of sun), bolt of lightning",,,,1,V,38072,1,,,,,0,,1
rebaja,rebaja,nfs    ,NC_A,"sale, reduction",,,,1,V,51775,1,,,,,0,,1
rebajo,rebajo,nms    ,NC_O,rabbet,,,,1,V,294,1,,,,,0,,1
recta,recta,nfs    ,NC_A,straight line,,,,1,V,66843,1,,,,,0,,1
recto,recto,nms    ,NC_O,rectum,,,,1,V,6631,1,,,,,0,,1
renuncia,renuncia,nfs    ,NC_A,resignation,,,,1,V,235002,1,,,,,0,,1
renuncio,renuncio,nms    ,NC_O,"revoke, contradiction",,,,1,V,208,1,,,,,0,,1
resta,resta,nfs    ,NC_A,subtraction,,,,1,V,1679,1,,,,,0,,1
resto,resto,nms    ,NC_O,"rest, remainder",,,,1,V,1098773,1,,,,,0,,1
ret√≠cula,ret√≠cula,nfs    ,NC_A,grid,,,,1,V,420,1,,,,,0,,1
ret√≠culo,ret√≠culo,nms    ,NC_O,"reticule, (math) lattice",,,,1,V,148,1,,,,,0,,1
reversa,reverso,nj,NC_O,reverse (gear) (LA),,,,1,V,0,1,,,,,0,,1
reverso,reverso,nms    ,NC_O,"back, back side",,,,1,V,7704,1,,,,,0,,1
ría,ria,n,NC_A,river,,,,1,V,8533,1,,,,,0,,1
río,rio,n,NC_O,mouth of river,,,,1,V,456810,1,,,,,0,,1
rueda,rueda,nfs    ,NC_A,"wheel, train",,,,1,V,351588,1,,,,,0,,1
ruedo,ruedo,nms    ,NC_O,"hem of garment, circle/ring (of people)",,,,1,V,22479,1,,,,,0,,1
se√±a,se√±a,nfs    ,NC_A,"sign, gest",,,,1,V,17318,1,,,,,0,,1
se√±o,se√±o,n,NC_O,"Miss (SP, MX)",,,,1,V,0,1,,,,,0,,1
siniestra,siniestra,nfs    ,NC_A,left hand,,,,1,Adj,170,,1,,,,0,,1
siniestro,siniestro,nms    ,NC_O,"accident, catastrophe",,,,1,Adj,111246,,1,,,,0,,1
sota,sota,nms    ,NC_A,"jack (of cards), insulent woman/hussy",,,,1,V/Prep,548,1,1,1,,,0,,1
soto,soto,nms    ,NC_O,"grove, copse",,,,1,V,886,1,,,,,0,,1
suma,suma,nfs    ,NC_A,"sum, addition",,,,1,Adj/V,212728,1,1,,,,0,,1
sumo,sumo,nms    ,NC_O,sumo (wrestling),,,,1,Adj/V,12470,1,1,,,,0,,1
tala,tala,nms    ,NC_A,"felling, cutting down",,,,1,V,24614,1,,,,,0,,1
talla,talla,nfs    ,NC_A,"size, height",,,,1,V,82567,1,,,,,0,,1
tallo,tallo,nms    ,NC_O,"stalk, stem",,,,1,V,4173,1,,,,,0,,1
talo,talo,n,NC_O,"stem, shaft, ",,,,1,V,0,1,,,,,0,,1
teja,teja,nms    ,NC_A,"roof tile, type of noodle",,,,1,V,3060,1,,,,,0,,1
tejo,tejo,nms    ,NC_O,"a shard, tile of a game, shuffleboard",,,,1,V,1763,1,,,,,0,,1
tinta,tinta,n,NC_A,writing ink,,,,1,Adj/V,30715,1,1,,,,0,,1
tinto,tinto,nms    ,NC_O,red wine,,,,1,Adj/V,3927,1,1,,,,0,,1
tirada,tirada,nfs    ,NC_A,"shooting, throw, edition",,,,1,Adj/V,15381,1,1,,,,0,,1
tirado,tirado,nms    ,NC_O,bum/hobo,,,,1,Adj/V,29379,1,1,,,,0,,1
toma,toma,nfs    ,NC_A,"conquest, dose, socket, shot",,,,1,V,223660,1,,,,,0,,1
tomo,tomo,nms    ,NC_O,"tome, volume",,,,1,V,20453,1,,,,,0,,1
trama,trama,n,NC_A,"weave, plot, grid, fabric",,,,1,V,148504,1,,,,,0,,1
tramo,tramo,nms    ,NC_O,"section, stretch",,,,1,V,258022,1,,,,,0,,1
tranca,tranca,nms    ,NC_A,"thick bar, door bolt",,,,1,V,2605,1,,,,,0,,1
tranco,tranco,nms    ,NC_O,"large step, jump",,,,1,V,1428,1,,,,,0,,1
trata,trata,nfs    ,NC_A,"trafficking, trade, slave-trade",,1,,1,V,822,1,,,,,0,,1
trato,trato,nms    ,NC_O,"treatment, deal, bargin, behavior",,,,1,V,150915,1,,,,,0,,1
traza,traza,nfs    ,NC_A,"trace, design, layout",,,,1,V,8457,1,,,,,0,,1
trazo,trazo,nms    ,NC_O,"line, outline, writing stroke",,,,1,V,11896,1,,,,,0,,1
trilla,trilla,nfs    ,NC_A,"gurnard (fish), threshing",,,,1,V,2453,1,,,,,0,,1
trillo,trillo,nms    ,NC_O,threshing board,,,,1,V,548,1,,,,,0,,1
tumba,tumba,nfs    ,NC_A,"grave, tomb, ",,,,1,V,56765,1,,,,,0,,1
tumbo,tumbo,nms    ,NC_O,"jolt, shake, shudder, monastic letters",,,,1,V,1048,1,,,,,0,,1
vacuna,vacuna,nfs    ,NC_A,vaccine,,,,1,Adj,70888,,1,,,,0,,1
vacuno,vacuno,nms    ,NC_O,"bovine, beef",,,,1,Adj,5960,,1,,,,0,,1
vara,vara,nfs    ,NC_A,"rod, pole",,,,1,"Adj, V",18047,1,1,,,,0,,1
varo,varo,n,NC_O,(MX) money,,,,1,"Adj, V",0,1,1,,,,0,,1
vela,vela,nfs    ,NC_A,"candle, sail",,,,1,V,22371,1,,,,,0,,1
velo,velo,nms    ,NC_O,veil,,,,1,v,9662,1,,,,,0,,1
venera,venera,nfs    ,NC_A,scallop shell,,,,1,V,198,1,,,,,0,,1
venero,venero,nms    ,NC_O,"spring, vein",,,,1,V,164,1,,,,192,0,,1
visa,visa,nfs    ,NC_A,"visa (LA), ",,,,1,V,74327,1,,,,,0,,1
viso,viso,nms    ,NC_O,"appearance, vantage point",,,,1,V,1666,1,,,,,0,,1
acta,acta,nfs    ,NC_A,"certificate, minutes/record, election results",,,,1,,102057,,,,,,1,2.29666519,1
acto,acto,n,NC_O,act,,,,1,,985877,,,,,,2,3.203032887,1
banda,banda,nfs    ,NC_A,band/gang,,,,1,,694090,,,,,,3,3.396199347,1
bando,bando,nms    ,NC_O,"Faction, party, swarm",,,,1,,37441,,,,,,4,2.359835482,1
baza,baza,nfs    ,NC_A,trick/ cuckoo-hawk,,,,1,,7660,,,,,,5,0.954242509,1
bazo,bazo,nms    ,NC_O,spleen,,,,1,,3259,,,,,,6,2.11058971,1
braza,braza,nfs    ,NC_A,breaststroke,,,,1,,2339,,,,,,7,0.477121255,1
brazo,brazo,nms    ,NC_O,"arm (anatomy), branch, limb (of a tree)",,,,1,,152960,,,,,,8,3.365300749,1
broma,broma,n,NC_A,joke,,,,1,,79971,,,,,,9,3.556664262,1
bromo,bromo,nms    ,NC_O,bromine/brome,,,,1,,356,,,,,,10,0,1
caballa,caballa,nfs    ,NC_A,mackerel,,,,1,,5001,,,,,,11,1.342422681,1
caballo,caballo,nms    ,NC_O,hourse,,,,1,,91887,,,,,,12,3.412796429,1
caca,caca,nfs    ,NC_A,poo,1,,,1,,4726,,,,,,13,2.669316881,1
caco,caco,nms    ,NC_O,thief,1,,,1,,905,,,,,,14,0,1
cantera,cantera,nfs    ,NC_A,"quarry, talent, academy",,,,1,,48517,,,,,,15,1.531478917,1
cantero,cantero,nms    ,NC_O,"quarry worker, stonemason",,,,1,,12854,,,,,,16,0,1
catalina,catalina,nfs    ,NC_A,"crankset, chainset",,,,1,,,,,,,,17,,1
catalino,catalino,n,NC_O,cold? ,,,,1,,,,,,,,18,,1
cebolla,cebolla,nfs    ,NC_A,onion,,,,1,,,,,,,,19,,1
cebollo,cebollo,n,NC_O,someone stupid,1,,,1,,,,,,,,20,,1
cepa,cepa,nfs    ,NC_A,"type of wine, strain, root, ancestry",,,,1,,17487,,,,,,21,1.903089987,1
cepo,cepo,nms    ,NC_O,"snare, trap shackle",,,,1,,12187,,,,,,22,1.230448921,1
cigarra,cigarra,nfs    ,NC_A,cicada,,,,1,,787,,,,,,23,1.041392685,1
cigarro,cigarro,nms    ,NC_O,cigar,,,,1,,12826,,,,,,24,2.491361694,1
cinta,cinta,n,NC_A,"ribbon, tape",,,,1,,255964,,,,,,25,3.381656483,1
cinto,cinto,nms    ,NC_O,belt,,,,1,,3326,,,,,,26,1.662757832,1
coca,coca,nfs    ,NC_A,coca plant; coca cola; cocaine,,,,1,,73109,,,,,,27,2.828659897,1
cochinilla,cochinilla,nfs    ,NC_A,"pill bug, cochineal",,,,1,,1190,,,,,,28,0.477121255,1
cochinillo,cochinillo,nms    ,NC_O,suckling pig,1,,,1,,1626,,,,,,29,0.84509804,1
coco,coco,nms    ,NC_O,"coconut, weevil, bogeyman",,,,1,,33932,,,,,,30,2.618048097,1
coleta,coleta,nfs    ,NC_A,"ponytail, exhuatspipe, aftertought",,,,1,,4573,,,,,,31,1.079181246,1
coleto,coleto,nms    ,NC_O,"mop, type of jacket, one's insides",,,,1,mop only in venezuela,219,,,,,,32,0,1
correa,correa,nfs    ,NC_A,"belt, leash",,,,1,,12658,,,,,,33,2.401400541,1
correo,correo,n,NC_O,mail,,,,1,,822099,,,,,,34,3.252367514,1
costa,costa,nfs    ,NC_A,"coast, expense",,,,1,,309519,,,,,,35,3.202215776,1
costo,costo,nms    ,NC_O,cost,,,,1,,528698,,,,,,36,2.707570176,1
cota,cota,nfs    ,NC_A,"coat of arms, elevation",,,,1,,24110,,,,,,37,1.342422681,1
coto,coto,nms    ,NC_O,"preserve, wildlife, landmark, limit",,,,1,,11466,,,,,,38,1.176091259,1
cuarteta,cuarteta,nfs    ,NC_A,four line strophe,,,,1,,1770,,,,,,39,0,1
cuarteto,cuarteto,nms    ,NC_O,quartet,,,,1,,26951,,,,,,40,1.832508913,1
cuba,cuba,np,NC_A,"barrel, Cuba",,,,1,,1020150,,,,,,41,2.677606953,1
cubo,cubo,nms    ,NC_O,"cube, bucket/pail (SP, CB)",,,,1,,12350,,,,,,42,2.5289167,1
cuenca,cuenca,nfs    ,NC_A,"eye socket, watershed, vallue",,,,1,,140432,,,,,,43,1.414973348,1
cuenco,cuenco,nms    ,NC_O,bowl,,,,1,,2444,,,,,,44,1.230448921,1
endoscopia,endoscopia,n,NC_A,endoscopy,,,,1,,1785,,,,,,45,1.146128036,1
endoscopio,endoscopio,n,NC_O,endoscope,,,,1,,653,,,,,,46,0.954242509,1
estampida,estampida,nfs    ,NC_A,"stampede, fight, bag, crack",,,,1,,8522,,,,,,47,1.785329835,1
estampido,estampido,nms    ,NC_O,"crack, bang",,,,1,,339,,,,,,48,0,1
estrada,estrada,nfs    ,NC_A,road,,,,1,,567,,,,,,49,0,1
estrado,estrado,nms    ,NC_O,"platform, court",,,,1,,10757,,,,,,50,2.389166084,1
fauna,fauna,nfs    ,NC_A,fauna,,,,1,,71798,,,,,,51,1.633468456,1
fauno,fauno,nms    ,NC_O,faun,1,,,1,,2370,,,,,,52,1.301029996,1
feta,feta,nfs    ,NC_A,feta cheese,,,,1,,858,,,,,,53,1.041392685,1
feto,feto,nms    ,NC_O,"fetus, hideous person (SP)",,,,1,,21517,,,,,,54,2.149219113,1
fonda,fonda,nfs    ,NC_A,"small restaurant, boarding house, stall/canteen",,,,1,,2874,,,,,,55,1.447158031,1
fondo,fondo,nms    ,NC_O,"bottom, back, fund, ground",,,,1,,556985,,,,,,56,3.442322956,1
gimnasia,gimnasia,nfs    ,NC_A,Gymnastics,,,,1,,81217,,,,,,57,2.50242712,1
gimnasio,gimnasio,nms    ,NC_O,gymnasium,,,,1,,102104,,,,,,58,3.01911629,1
grama,grama,nfs    ,NC_A,"grass, lawn (Carribean)",,,,1,,5745,,,,,,59,1.431363764,1
gramo,gramo,nms    ,NC_O,gram,,,,1,,8285,,,,,,60,1.968482949,1
grupa,grupa,nfs    ,NC_A,haunch (of horses),,,,1,,700,,,,,,61,0,1
grupo,grupo,nms    ,NC_O,"group, party",,,,1,,2881442,,,,,,62,3.718003168,1
hada,hada,nfs    ,NC_A,"fairy, ",,,,1,,4267,,,,,,63,2.517195898,1
hado,hado,nms    ,NC_O,"fate, destiny",,,,1,,504,,,,,,64,0,1
hoya,hoya,nfs    ,NC_A,"pit, grave",,,,1,,471,,,,,,65,0,1
hoyo,hoyo,nms    ,NC_O,hole,,,,1,,19587,,,,,,66,3.007747778,1
ira,ira,nfs    ,NC_A,"anger, ire, wrath, rage",,,,1,,,,,,,,67,,1
iro,iro,n,NC_O,mohawk,,,,1,,,,,,,,68,,1
libreta,libreta,nfs    ,NC_A,notebook,,,,1,,16836,,,,,,69,2.29666519,1
libreto,libreto,nms    ,NC_O,libretto (text of dramatic musical work),,,,1,,17854,,,,,,70,1.812913357,1
loma,loma,nfs    ,NC_A,"hill, suburb",,,,1,,8768,,,,,,71,1.602059991,1
lomo,lomo,nms    ,NC_O,"back (of body), loin, fillet, spine, crease, blunt edge",,,,1,,17906,,,,,,72,2.117271296,1
magnesia,magnesia,nfs    ,NC_A,magnesia (mineral),,,,1,,281,,,,,,73,0,1
magnesio,magnesio,nms    ,NC_O,"magnesium, chalk",,,,1,,10308,,,,,,74,1.612783857,1
mantilla,mantilla,nfs    ,NC_A,lace scarf worn in Spain,,,,1,,2981,,,,,,75,0,1
mantillo,mantillo,nms    ,NC_O,mulch,,,,1,,195,,,,,,76,0,1
minuta,minuta,nfs    ,NC_A,"rought draft, bill, fee, list, minutes (of a meeting)",,,,1,,13612,,,,,,77,0,1
minuto,minuto,n,NC_O,minute,,,,1,,551569,,,,,,78,3.857754522,1
moda,moda,nfs    ,NC_A,"fashion, fad",,,,1,,341662,,,,,,79,3.094121596,1
modo,modo,nms    ,NC_O,"way, manner",,,,1,,649900,,,,,,80,3.81517913,1
morra,morra,nfs    ,NC_A,"upper part of head, morra (game), kid (MX)",,,,1,,129,,,,,,81,0,1
morro,morro,nms    ,NC_O,"hilll, snout, mouth, pebble, headland, kid (MX)",,,,1,,9967,,,,,,82,1.278753601,1
mota,mota,nfs    ,NC_A,"speck, pill (of fabric), fluff",,,,1,,6036,,,,,,83,1.785329835,1
moto,moto,nms    ,NC_O,"short for motorcycle, milestone",,,,1,,172418,,,,,,84,2.853698212,1
onagra,onagra,nfs    ,NC_A,evening primose,,,,1,,107,,,,,,85,0,1
onagro,onagro,nms    ,NC_O,onager,,,,1,,59,,,,,,86,0,1
pepita,pepita,nfs    ,NC_A,"pepita seed, nugget (of gold)",,,,1,,1180,,,,,,87,1.361727836,1
pepito,pepito,nms    ,NC_O,A small sandwich with meat (VZ?),,,,1,,471,,,,,,88,0,1
pina,pi√±a,n,NC_A,border stone,,,,1,WITHOUT Ñ,117,,,,,,89,0,1
pino,pino,nms    ,NC_O,pine,,,,1,,26025,,,,,,90,2.281033367,1
plaza,plaza,n,NC_A,plaza,,,,1,,532984,,,,,,91,2.802089258,1
plazo,plazo,n,NC_O,"perdio, deadline, installment",,,,1,,888796,,,,,,92,2.822821645,1
puerta,puerta,n,NC_A,"door, gate",,,,1,,501293,,,,,,93,4.136149586,1
puerto,puerto,nms    ,NC_O,"port, harbour",,,,1,,295346,,,,,,94,2.903089987,1
pulpa,pulpa,nfs    ,NC_A,"soft part of animals body, pulp ",,,,1,,8628,,,,,,95,1.579783597,1
pulpo,pulpo,nms    ,NC_O,octopus,,,,1,,16384,,,,,,96,1.908485019,1
puntilla,puntilla,nfs    ,NC_A,"dagger, tiptoe, lace",,,1,1,,5359,,,,,,97,0.954242509,1
puntillo,puntillo,nms    ,NC_O,"self-love, a little point",,,1,1,,173,,,,,,98,0,1
rama,rama,nfs    ,NC_A,branch,,,,1,,76922,,,,,,99,2.404833717,1
ramo,ramo,nms    ,NC_O,"bouquet, branch",,,,1,,43599,,,,,,100,2.227886705,1
rodilla,rodilla,nfs    ,NC_A,knee,,,,1,,114180,,,,,,101,2.77815125,1
rodillo,rodillo,nms    ,NC_O,"roller, rolling pin",,,,1,,5246,,,,,,102,1.431363764,1
rumba,rumba,nfs    ,NC_A,rumba dance,,,,1,,12952,,,,,,103,1.556302501,1
rumbo,rumbo,n,NC_O,"course, heading",,,,1,,286061,,,,,,104,2.876794976,1
s√°tira,s√°tira,nfs    ,NC_A,satire,,,,1,,10477,,,,,,105,1.51851394,1
s√°tiro,s√°tiro,nms    ,NC_O,satyr,,,,1,,611,,,,,,106,0.698970004,1
sigla,sigla,nfs    ,NC_A,"initial, acronym",,,,1,,20151,,,,,,107,0.77815125,1
siglo,siglo,nms    ,NC_O,century,,,,1,,581453,,,,,,108,3.092018471,1
solana,solana,nfs    ,NC_A,"strong sunshine, sun terrace, solarium",,,,1,,179,,,,,,109,1.255272505,1
solano,solano,nms    ,NC_O,nightshade,,,,1,,177,,,,,,110,1.041392685,1
tormenta,tormenta,nfs    ,NC_A,thunderstorm,,,,1,,162988,,,,,,111,3.160168293,1
tormento,tormento,nms    ,NC_O,"torment, torture",,,,1,,5180,,,,,,112,1.838849091,1
tromba,tromba,nfs    ,NC_A,"whirlwind, tornado, waterspout",,,,1,,7060,,,,,,113,1.230448921,1
trombo,trombo,nms    ,NC_O,"thrombos (blood clot), ",,,,1,,646,,,,,,114,0,1
trompa,trompa,n,NC_A,"snout, trunk, (musical) horn, drinking sess",,,,1,,3755,,,,,,115,1.447158031,1
trompo,trompo,nms    ,NC_O,"spinning toy, (car) doghnout",,,,1,,4868,,,,,,116,1.278753601,1
trona,trona,nfs    ,NC_A,highchair,,,,1,,190,,,,,,117,0,1
trono,trono,nms    ,NC_O,throne,,,,1,,45278,,,,,,118,2.539076099,1
verba,verba,nfs    ,NC_A,"Loquacity, gift of the gab",,,,1,,346,,,,,,119,0,1
verbo,verbo,nms    ,NC_O,verb,,,,1,,15594,,,,,,120,1.812913357,1
zanca,zanca,nfs    ,NC_A,"leg of a bird, long thin leg of a person",,,,1,,96,,,,,,121,0,1
zanco,zanco,nms    ,NC_O,stilt,,,,1,,21,,,,,,122,0,1
zapata,zapata,nfs    ,NC_A,"brake shoe, washer (of car)",,,,1,,1270,,,,,,123,1.301029996,1
zapato,zapato,nms    ,NC_O,shoe,,,,1,,19194,,,,,,124,2.85308953,1
autobomba,autobomba,nms    ,NC_A,fire engine,,,,1,,3237,,,,,,NA,,1
bardo,bardo,nms    ,NC_O,bard/conflict,,,,1,,2977,,,,,,NA,,1
biblia,biblia,nms    ,NC_A,bible,,,,1,,39719,,,,,,NA,,1
biblio,biblio,n,NC_O,short for bibliography,,,,1,,0,,,,,,NA,,1
bicha,bicha,nfs    ,NC_A,"beer, brew/ cocaine paste",,1,,1,,781,,,,,,NA,,1
bicho,bicho,nms    ,NC_O,"bug, vermin, beast, vulva, penis",,1,,1,vulgar use only in PR/Venezuela,12141,,,,,,NA,,1
bula,bula,nfs    ,NC_A,"bull, strenght, bubble",,,,1,,1559,,,,,,NA,,1
chorro,chorro,nms    ,NC_O,"flow, jet, tap, faucet",,,,1,,,,,,,,NA,,1
colera,colero,n,NC_O,cholera,,,,1,With accent!!!,,,,,,,NA,,1
esfera,esfera,nfs    ,NC_A,"sphere, clock face",,,,1,,,,,,,,NA,,1
labia,labia,nfs    ,NC_A,"""gift of the gab"" (ability to talk readily",,,,1,,,,,,,,NA,,1
labio,labio,nms    ,NC_O,"lips, labia",,1,,1,,,,,,,,NA,,1
mica,mica,nfs    ,NC_A,mica (mineral),,,,1,,,,,,,,NA,,1
pala,pala,nfs    ,NC_A,"shovel, blade paddle",,,,1,,11874,,,,,,NA,,1
penco,penco,nms    ,NC_O,"weak horse, buffoon",1,,,1,,205,,,,,,NA,,1
pera,pera,nfs    ,NC_A,pear,,,,1,,9086,,,,,,NA,,1
polea,polea,nfs    ,NC_A,pulley,,,,1,,0,,,,,,NA,,1
poleo,poleo,nms    ,NC_O,pennyroyal,,,,1,,474,,,,,,NA,,1
popa,popa,nfs    ,NC_A,stern (of a boat),,,,1,,9998,,,,,,NA,,1
popo,popo,n,NC_O,poopoo,,1,,1,,0,,,,,,NA,,1
ricina,ricina,n,NC_A,ricin,,,,1,,0,,,,,,NA,,1
ricino,ricino,nms    ,NC_O,castor (plant),,,,1,,1097,,,,,,NA,,1
rivera,ribera,n,NC_A,stream,,,,1,,0,,,,,,NA,,1
rivero,rivero,n,NC_O,river,,,,1,,0,,,,,,NA,,1
sena,sena,nfs    ,NC_A,the six on the die,,,,1,,0,,,,,,NA,,1
seno,seno,n,NC_O,"breast, sinus",,,,1,,80072,,,,,,NA,,1
toro,toro,nms    ,NC_O,bull,,,,1,,112622,,,,,,NA,,1
esfero,esfero,nms    ,NC_O,"pen (Col, EC,)",,,,1,,,,,,"Columbia, Ecuador",,NA,,1
tora,tora,nfs    ,NC_A,"(HD, NC) Leatherback turtle",,,,1,,282,,,,"Honduras, Nicaragua",,NA,,1
colero,colero,nms    ,NC_O,bottom-ranked team,,,,1,latin america,,,,,Latin America,,NA,,1
barda,barda,nfs    ,NC_A,fence,,,,1,Mexico,14118,,,,Mexico,,NA,,1
autobombo,autobombo,nms    ,NC_O,self-glorification,,,,1,Only in Spain?,1021,,,,Spain,,NA,,1
bulo,bulo,nms    ,NC_O,canard/hoax,,,,1,only in Spain,2917,,,,Spain,,NA,,1
chucho,chucho,nms    ,NC_O,"mutt, male dog, jail, owl, miser",,,,1,very country specific meaning,,,,,"Spain, Guatemala, El Salvador, Honduras, Chile",,NA,,1
penca,penca,nfs    ,NC_A,"fleshy stock, agave, (CH) penis",,1,,1,Adj (CH) not changeable,919,,,,,Chile,NA,,1
palo,palo,nms    ,NC_O,"stick, strike, rod, (LA) penis",,1,,1,,114627,,,,,Latin America,NA,,1
mico,mico,nms    ,NC_O,"monkey, child, ugly person, vagina (NC)",,,,1,,,,,,,Nicaragua,NA,,1
chucha,chucha,nfs    ,NC_A,"vagina, bitch, body odor",,,,1,innapropriate in South America; all uses are country specific though,,,,,,SA,NA,,1
chorra,chorro,n,NC_O,"luck, chance, penis",,1,,1,ADJ; innapropriate in Spain; adj but doesn't change,,,,,,Spain,NA,,1
¬®ama,¬®ama,n,NC_A,,,,,,,,,,,,,,,1
¬®amo,¬®amo,n,NC_O,,,,,,,,,,,,,,,1
¬®busca,¬®busca,n,NC_A,,,,,,,,,,,,,,,1
¬®busco,¬®busco,n,NC_O,,,,,,,,,,,,,,,1
¬®deja,¬®deja,n,NC_A,,,,,,,,,,,,,,,1
¬®dejo,¬®dejo,n,NC_O,,,,,,,,,,,,,,,1
¬®la,¬®la,n,NC_A,,,,,,,,,,,,,,,1
¬®lo,¬®lo,n,NC_O,,,,,,,,,,,,,,,1
¬®otra,¬®otra,n,NC_A,,,,,,,,,,,,,,,1
¬®otro,¬®otro,n,NC_O,,,,,,,,,,,,,,,1
¬®paga,¬®paga,n,NC_A,,,,,,,,,,,,,,,1
¬®pago,¬®pago,n,NC_O,,,,,,,,,,,,,,,1
¬®punta,¬®punta,n,NC_A,,,,,,,,,,,,,,,1
¬®punto,¬®punto,n,NC_O,,,,,,,,,,,,,,,1
¬±era,¬±era,n,NC_A,,,,,,,,,,,,,,,1
¬±ero,¬±ero,n,NC_O,,,,,,,,,,,,,,,1
¬∞la,¬∞la,n,NC_A,,,,,,,,,,,,,,,1
¬∞lo,¬∞lo,n,NC_O,,,,,,,,,,,,,,,1
¬∞nica,¬∞nica,n,NC_A,,,,,,,,,,,,,,,1
¬∞nico,¬∞nico,n,NC_O,,,,,,,,,,,,,,,1
¬∞stica,¬∞stica,n,NC_A,,,,,,,,,,,,,,,1
¬∞stico,¬∞stico,n,NC_O,,,,,,,,,,,,,,,1
¬¥¬¥a,¬¥¬¥a,n,NC_A,,,,,,,,,,,,,,,1
¬¥¬¥o,¬¥¬¥o,n,NC_O,,,,,,,,,,,,,,,1
¬¥¬¥ya,¬¥¬¥ya,n,NC_A,,,,,,,,,,,,,,,1
¬¥¬¥yo,¬¥¬¥yo,n,NC_O,,,,,,,,,,,,,,,1
¬¥√©sta,¬¥√©sta,n,NC_A,,,,,,,,,,,,,,,1
¬¥√©sto,¬¥√©sto,n,NC_O,,,,,,,,,,,,,,,1
¬¥√∫ltima,¬¥√∫ltima,n,NC_A,,,,,,,,,,,,,,,1
¬¥√∫ltimo,¬¥√∫ltimo,n,NC_O,,,,,,,,,,,,,,,1
¬¥anda,¬¥anda,n,NC_A,,,,,,,,,,,,,,,1
¬¥ando,¬¥ando,n,NC_O,,,,,,,,,,,,,,,1
¬¥buena,¬¥buena,n,NC_A,,,,,,,,,,,,,,,1
¬¥bueno,¬¥bueno,n,NC_O,,,,,,,,,,,,,,,1
¬¥camina,¬¥camina,n,NC_A,,,,,,,,,,,,,,,1
¬¥camino,¬¥camino,n,NC_O,,,,,,,,,,,,,,,1
¬¥esta,¬¥esta,n,NC_A,,,,,,,,,,,,,,,1
¬¥esto,¬¥esto,n,NC_O,,,,,,,,,,,,,,,1
¬¥la,¬¥la,n,NC_A,,,,,,,,,,,,,,,1
¬¥lo,¬¥lo,n,NC_O,,,,,,,,,,,,,,,1
¬¥nuestra,¬¥nuestra,n,NC_A,,,,,,,,,,,,,,,1
¬¥nuestro,¬¥nuestro,n,NC_O,,,,,,,,,,,,,,,1
¬¥otra,¬¥otra,n,NC_A,,,,,,,,,,,,,,,1
¬¥otro,¬¥otro,n,NC_O,,,,,,,,,,,,,,,1
¬¥santa,¬¥santa,n,NC_A,,,,,,,,,,,,,,,1
¬¥santo,¬¥santo,n,NC_O,,,,,,,,,,,,,,,1
¬¥toma,¬¥toma,n,NC_A,,,,,,,,,,,,,,,1
¬¥tomo,¬¥tomo,n,NC_O,,,,,,,,,,,,,,,1
¬æla,¬æla,n,NC_A,,,,,,,,,,,,,,,1
¬ælo,¬ælo,n,NC_O,,,,,,,,,,,,,,,1
¬Ñbuena,¬Ñbuena,n,NC_A,,,,,,,,,,,,,,,1
¬Ñbueno,¬Ñbueno,n,NC_O,,,,,,,,,,,,,,,1
¬Ñesta,¬Ñesta,n,NC_A,,,,,,,,,,,,,,,1
¬Ñesto,¬Ñesto,n,NC_O,,,,,,,,,,,,,,,1
¬Ωblica,¬Ωblica,n,NC_A,,,,,,,,,,,,,,,1
¬Ωblico,¬Ωblico,n,NC_O,,,,,,,,,,,,,,,1
¬Ωrica,¬Ωrica,n,NC_A,,,,,,,,,,,,,,,1
¬Ωrico,¬Ωrico,n,NC_O,,,,,,,,,,,,,,,1
¬Ωstica,¬Ωstica,n,NC_A,,,,,,,,,,,,,,,1
¬Ωstico,¬Ωstico,n,NC_O,,,,,,,,,,,,,,,1
¬Ωtula,¬Ωtula,n,NC_A,,,,,,,,,,,,,,,1
¬Ωtulo,¬Ωtulo,n,NC_O,,,,,,,,,,,,,,,1
√°nima,√°nima,nfs    ,NC_A,,,,,,,,,,,,,,,1
√°nimo,√°nimo,n,NC_O,,,,,,,,,,,,,,,1
√±a,√±a,nfs    ,NC_A,,,,,,,,,,,,,,,1
√±o,√±o,nms    ,NC_O,,,,,,,,,,,,,,,1
√≥ptica,√≥ptica,nfs    ,NC_A,,,,,,,,,,,,,,,1
√≥ptico,√≥ptico,nms    ,NC_O,,,,,,,,,,,,,,,1
abogada,abogada,n,NC_A,lawyer,1,,,,,,,,,,,,,1
abogado,abogado,n,NC_O,lawyer,1,,,,,,,,,,,,,1
abuelita,abuelita,n,NC_A,grandmother,1,,1,,,,,,,,,,,1
abuelito,abuelito,n,NC_O,grandfather,1,,1,,,,,,,,,,,1
accesoria,accesoria,nfs    ,NC_A,accessory,,,,,,,,,,,,,,1
accesorio,accesorio,nms    ,NC_O,accessory,,,,,,,,,,,,,,1
actuaria,actuaria,n,NC_A,Actuary (maker of insurance calculations),1,,,,,,,,,,,,,1
actuario,actuario,nms    ,NC_O,Actuary (maker of insurance calculations),1,,,,,,,,,,,,,1
ad√∫ltera,ad√∫ltera,nfs    ,NC_A,adulterer,1,,,,,,,,,,,,,1
ad√∫ltero,ad√∫ltero,nms    ,NC_O,adulterer,1,,,,,,,,,,,,,1
adivina,adivina,nfs    ,NC_A,fortune-teller,1,,,,,,,,,,,,,1
adivino,adivino,nms    ,NC_O,fortune-teller,1,,,,,,,,,,,,,1
adjunta,adjunta,nfs    ,NC_A,assistant,1,,,,,,,,,,,,,1
adjunto,adjunto,nms    ,NC_O,assistant,1,,,,,,,,,,,,,1
adoquinada,adoquinado,n,NC_O,pavement,,,,?,,,,,,,,,,1
adoquinado,adoquinado,nms    ,NC_O,pavement,,,,?,,,,,,,,,,1
adversaria,adversaria,nfs    ,NC_A,adversary,1,,,,,,,,,,,,,1
adversario,adversario,nms    ,NC_O,adversary,1,,,,,,,,,,,,,1
aficionada,aficionado,n,NC_O,supporter,1,,,,,,,,,,,,,1
aficionado,aficionado,nms    ,NC_O,supporter,1,,,,,,,,,,,,,1
aga,aga,n,NC_A,agha (honorific for Ottoman officials,,,,,,,,,,,,,,1
ago,ago,n,NC_O,?,,,,,,,,,,,,,,1
agregada,agregado,n,NC_O,attaché,1,,,,,,,,,,,,,1
agregado,agregado,nms    ,NC_O,attaché,1,,,,,,,,,,,,,1
ahijada,ahijada,nfs    ,NC_A,godchild,1,,,,,,,,,,,,,1
ahijado,ahijado,nms    ,NC_O,godchild,1,,,,,,,,,,,,,1
ala,ala,nfs    ,NC_A,wing,,,,,,,,,,,,,,1
alba,alba,nfs    ,NC_A,dawn,,,,,,,,,,,,,,1
albo,albo,n,NC_O,white (adj),,,,,,,,,,,,,,1
alegra,alegra,nfs    ,NC_A,?,,,,,,,,,,,,,,1
alegro,alegro,n,NC_O,?,,,,,,,,,,,,,,1
alejandrina,alejandrino,n,NC_O,Alexandrian,1,,,,,,,,,,,,,1
alejandrino,alejandrino,n,NC_O,Alexandrian,1,,,,,,,,,,,,,1
algarroba,algarroba,nfs    ,NC_A,carob (fruit),,,,,,,,,,,,,,1
algarrobo,algarrobo,nms    ,NC_O,carob (tree),,,,,,,,,,,,,,1
alienta,aliento,n,NC_O,?,,,,,,,,,,,,,,1
aliento,aliento,nms    ,NC_O,breath,,,,,,,,,,,,,,1
almendra,almendra,nfs    ,NC_A,almond,,,,,,,,,,,,,,1
almendro,almendro,nms    ,NC_O,almond tree,,,,,,,,,,,,,,1
alo,alo,n,NC_O,?,,,,,,,,,,,,,,1
alojada,alojado,n,NC_O,guest,1,,,,,,,,,,,,,1
alojado,alojado,n,NC_O,guest,1,,,,,,,,,,,,,1
alumna,alumna,n,NC_A,alumn,1,,,,,,,,,,,,,1
alumno,alumno,nms    ,NC_O,alumn,1,,,,,,,,,,,,,1
alzada,alzada,nfs    ,NC_A,height/elevation,,,,,,,,,,,,,,1
alzado,alzado,nms    ,NC_O,elevation,,1,,,,,,,,,,,,1
ama,ama,nfs    ,NC_A,proprietress,1,,,,,,,,,,,,,1
amada,amada,n,NC_A,?,,,,,,,,,,,,,,1
amado,amado,nms    ,NC_O,?,,,,,,,,,,,,,,1
americana,americana,nfs    ,NC_A,American,1,,,,,,,,,,,,,1
americano,americano,nms    ,NC_O,American,1,,,,,,,,,,,,,1
amiga,amigo,n,NC_O,friend,1,,,,,,,,,,,,,1
amigo,amigo,n,NC_O,friend,1,,,,,,,,,,,,,1
amiguita,amiguita,n,NC_A,friend,1,,1,,,,,,,,,,,1
amiguito,amiguito,n,NC_O,friend,1,,1,,,,,,,,,,,1
amina,amina,nfs    ,NC_A,amine,,,,,,,,,,,,,,1
amino,amino,nms    ,NC_O,amino,,,,,,,,,,,,,,1
amo,amo,nms    ,NC_O,proprieter,1,,,,,,,,,,,,,1
ana,ana,nfs    ,NC_A,?,,,,,,,,,,,,,,1
anciana,anciana,n,NC_A,ancient person,1,,,,,,,,,,,,,1
anciano,anciano,nms    ,NC_O,ancient person,1,,,,,,,,,,,,,1
anilla,anilla,nfs    ,NC_A,ring,,,,,,,,,,,,,,1
anillo,anillo,nms    ,NC_O,ring,,,,,,,,,,,,,,1
ano,ano,nms    ,NC_O,anus,,1,,,,,,,,,,,,1
antrop√≥loga,antrop√≥logo,nfs    ,NC_O,antrholopogist,1,,,,,,,,,,,,,1
antrop√≥logo,antrop√≥logo,nms    ,NC_O,antrholopogist,1,,,,,,,,,,,,,1
ao,ao,n,NC_O,,,,,,,,,,,,,,,1
apelativa,apelativo,n,NC_O,?,,,,,,,,,,,,,,1
apelativo,apelativo,nms    ,NC_O,epithet/surname,,,,,,,,,,,,,,1
apoderada,apoderado,n,NC_O,guardian,1,,,,,,,,,,,,,1
apoderado,apoderado,nms    ,NC_O,guardian,1,,,,,,,,,,,,,1
aprovechada,aprovechada,nfs    ,NC_A,freeloader,1,,,,,,,,,,,,,1
aprovechado,aprovechado,nms    ,NC_O,freeloader,1,,,,,,,,,,,,,1
arenera,arenero,n,NC_O,sand vendor/ litter box/sandbox,,,,,,,,,,,,,,1
arenero,arenero,n,NC_O,sand vendor,,,,,,,,,,,,,,1
arm√≥nica,arm√≥nica,nfs    ,NC_A,Armenian,1,,,,,,,,,,,,,1
arm√≥nico,arm√≥nico,nms    ,NC_O,Armenian,1,,,,,,,,,,,,,1
arque√≥loga,arque√≥logo,nfs    ,NC_O,Archeologist,1,,,,,,,,,,,,,1
arque√≥logo,arque√≥logo,nms    ,NC_O,Archeologist,1,,,,,,,,,,,,,1
arquitecta,arquitecto,n,NC_O,Architect,1,,,,,,,,,,,,,1
arquitecto,arquitecto,nms    ,NC_O,Architect,1,,,,,,,,,,,,,1
arrendataria,arrendatario,n,NC_O,Tenant,1,,,,,,,,,,,,,1
arrendatario,arrendatario,nms    ,NC_O,Tenant,1,,,,,,,,,,,,,1
astr√≥loga,astr√≥logo,nfs    ,NC_O,Astrologist,1,,,,,,,,,,,,,1
astr√≥logo,astr√≥logo,nms    ,NC_O,Astrologist,1,,,,,,,,,,,,,1
astrof√≠sica,astrof√≠sica,nfs    ,NC_A,Astrophysicist,1,,,,,,,,,,,,,1
astrof√≠sico,astrof√≠sico,nms    ,NC_O,Astrophysicist,1,,,,,,,,,,,,,1
auditiva,auditiva,n,NC_A,receiver,1,,,,,,,,,,,,,1
auditivo,auditivo,nms    ,NC_O,receiver,1,,,,,,,,,,,,,1
aut√≥grafa,aut√≥grafo,n,NC_O,?,,,,,,,,,,,,,,1
aut√≥grafo,aut√≥grafo,nms    ,NC_O,autograph,,,,,,,,,,,,,,1
aventurera,aventurera,nfs    ,NC_A,adventurer,1,,,,,,,,,,,,,1
aventurero,aventurero,nms    ,NC_O,adventurer,1,,,,,,,,,,,,,1
azucarera,azucarera,nfs    ,NC_A,sugar bowl,,,,,,,,,,,,,,1
azucarero,azucarero,nms    ,NC_O,sugar bowl,,,,,,,,,,,,,,1
b√°rbara,b√°rbara,nfs    ,NC_A,barbarian,1,,,,,,,,,,,,,1
b√°rbaro,b√°rbaro,nms    ,NC_O,barbarian,1,,,,,,,,,,,,,1
b√≠peda,b√≠pedo,n,NC_O,bipedal,1,,,,,,,,,,,,,1
b√≠pedo,b√≠pedo,n,NC_O,bipedal,1,,,,,,,,,,,,,1
ba,ba,n,NC_A,?,,,,,,,,,,,,,,1
banana,banana,nms    ,NC_A,banana,,,,,,,,,,,,,,1
banano,banano,nms    ,NC_O,banana,,,,,,,,,,,,,,1
bandida,bandido,n,NC_O,outlaw,1,,,,,,,,,,,,,1
bandido,bandido,nms    ,NC_O,outlaw,1,,,,,,,,,,,,,1
barca,barca,nfs    ,NC_A,small boat,,,,,,,,,,,,,,1
barco,barco,nms    ,NC_O,boat,,,,,,,,,,,,,,1
barranca,barranca,nfs    ,NC_A,canyon,,,,,,,,,,,,,,1
barranco,barranco,nms    ,NC_O,gully/ravine,,,,,,,,,,,,,,1
barrida,barrida,nfs    ,NC_A,instance of sweeping,,,,,,,,,,,,,,1
barrido,barrido,nms    ,NC_O,act of sweeping,,,,,,,,,,,,,,1
bebita,bebita,n,NC_A,drink,,,,1,,,,,,,,,,1
bebito,bebito,n,NC_O,little baby,1,,1,1,,,,,,,,,,1
becaria,becaria,nfs    ,NC_A,grant-holder,1,,,,,,,,,,,,,1
becario,becario,nms    ,NC_O,grant-holder,1,,,,,,,,,,,,,1
becerra,becerra,nfs    ,NC_A,heifer/uncooked unleavened dough,,,,,,,,,,,,,,1
becerro,becerro,nms    ,NC_O,calf,,,,,,,,,,,,,,1
beneficiada,beneficiado,n,NC_O,beneficiary,1,,,,,,,,,,,,,1
beneficiado,beneficiado,n,NC_O,beneficiary,1,,,,,,,,,,,,,1
beta,beta,nfs    ,NC_A,beta (letter),,,,,,,,,,,,,,1
beto,beto,n,NC_O,short for Alberto,,,,,,,,,,,,,,1
bi√≥grafa,bi√≥grafa,nfs    ,NC_A,biographer,1,,,,,,,,,,,,,1
bi√≥grafo,bi√≥grafo,nms    ,NC_O,biographer,1,,,,,,,,,,,,,1
bi√≥loga,bi√≥logo,nfs    ,NC_O,biologist,1,,,,,,,,,,,,,1
bi√≥logo,bi√≥logo,nms    ,NC_O,biologist,1,,,,,,,,,,,,,1
bibliotecaria,bibliotecaria,n,NC_A,librarian,1,,,,,,,,,,,,,1
bibliotecario,bibliotecario,nms    ,NC_O,librarian,1,,,,,,,,,,,,,1
bichilla,bichilla,n,NC_A,little bicha,,,1,,,,,,,,,,,1
bichillo,bichillo,n,NC_O,litte bicho,,,1,,,,,,,,,,,1
billetera,billetera,nfs    ,NC_A,wallet,,,,,,,,,,,,,,1
billetero,billetero,nms    ,NC_O,wallet,,,,,,,,,,,,,,1
billonaria,billonario,n,NC_O,billionaire,1,,,,,,,,,,,,,1
billonario,billonario,n,NC_O,billionaire,1,,,,,,,,,,,,,1
bisabuela,bisabuela,n,NC_A,great-grandmother,1,,,,,,,,,,,,,1
bisabuelo,bisabuelo,nms    ,NC_O,great-grandfather,1,,,,,,,,,,,,,1
bloguera,bloguera,n,NC_A,blogger,,,,,,,,,,,,,,1
bloguero,bloguero,n,NC_O,blogger,,,,,,,,,,,,,,1
bo,bo,n,NC_O,bow/arch,,,,,,,,,,,,,,1
bohemia,bohemia,nfs    ,NC_A,Bohemian,1,,,,,,,,,,,,,1
bohemio,bohemio,nms    ,NC_O,Bohemian,1,,,,,,,,,,,,,1
bolera,bolera,nfs    ,NC_A,bowling alley/ bolero musician,1,,,,,,,,,,,,,1
bolero,bolero,nms    ,NC_O,Bolero music / bolero musician,1,,,,,,,,,,,,,1
boleta,boleta,nfs    ,NC_A,"bill, receipt, ticket, death",,,,,,,,,,,,,,1
boleto,boleto,nms    ,NC_O,ticket,,,,,,,,,,,,,,1
bolsa,bolsa,nms    ,NC_A,"bag, purse",,,,,,,,,,,,,,1
bolsita,bolsita,n,NC_A,little bolsa,,,1,,,,,,,,,,,1
bolsito,bolsito,n,NC_O,little bolso,,,1,,,,,,,,,,,1
bolso,bolso,nms    ,NC_O,"bag, purse",,,,,,,,,,,,,,1
bombilla,bombilla,nfs    ,NC_A,light bulb,,,1,,,,,,,,,,,1
bombillo,bombillo,nms    ,NC_O,light bulb,,,1,,,,,,,,,,,1
bora,bora,n,NC_A,?,,,,,,,,,,,,,,1
boro,boro,nms    ,NC_O,boron,,,,,,,,,,,,,,1
borta,borta,n,NC_A,?,,,,,,,,,,,,,,1
borto,borto,nms    ,NC_O,?,,,,,,,,,,,,,,1
bot√°nica,bot√°nica,nfs    ,NC_A,botanist,,,,,,,,,,,,,,1
bot√°nico,bot√°nico,nms    ,NC_O,botanist,,,,,,,,,,,,,,1
bota,bota,nfs    ,NC_A,boot,,,,,,,,,,,,,,1
boto,boto,nms    ,NC_O,boot,,,,,,,,,,,,,,1
burrita,burrita,nfs    ,NC_A,(uncommon) latin american dish similar to burrito,,,,,,,,,,,,,,1
burrito,burrito,nms    ,NC_O,burrito,,,,,,,,,,,,,,1
buscala,buscala,n,NC_A,?,,,,,,,,,,,,,,1
buscalo,buscalo,n,NC_O,?,,,,,,,,,,,,,,1
ca√±onera,ca√±onera,nfs    ,NC_A,gunboat,,,,,,,,,,,,,,1
ca√±onero,ca√±onero,nms    ,NC_O,gunboat,,,,,,,,,,,,,,1
ca√≠da,ca√≠da,nfs    ,NC_A,"fall, crash",,,,,,,,,,,,,,1
ca√≠do,ca√≠do,nms    ,NC_O,adj,,,,,,,,,,,,,,1
cabecera,cabecera,nfs    ,NC_A,"headboard, head (of company), headline, headwaters",,,,,,,,,,,,,,1
cabecero,cabecero,nms    ,NC_O,"headboard, bedhead",,,,,,,,,,,,,,1
cabra,cabra,nfs    ,NC_A,female goat,1,,,,,,,,,,,,,1
cabro,cabro,nms    ,NC_O,male goat,1,,,,,,,,,,,,,1
cafetera,cafetera,nfs    ,NC_A,coffemaker,,,,,,,,,,,,,,1
cafetero,cafetero,nms    ,NC_O,?,,,,,,,,,,,,,,1
cajera,cajera,n,NC_A,cashier,1,,,,,,,,,,,,,1
cajero,cajero,nms    ,NC_O,cashier,1,,,,,,,,,,,,,1
caldera,caldera,nfs    ,NC_A,"cauldron, boiler, caldera",,,,,,,,,,,,,,1
caldero,caldero,nms    ,NC_O,small cauldron,,,,,,,,,,,,,,1
calleja,calleja,nfs    ,NC_A,narrow street,,,,,,,,,,,,,,1
callejo,callejo,nms    ,NC_O,alley,,,,,,,,,,,,,,1
camina,camino,n,NC_O,?,,,,,,,,,,,,,,1
camino,camino,n,NC_O,"way, path",,,,,,,,,,,,,,1
campa,campa,n,NC_A,?,,,,,,,,,,,,,,1
campesina,campesina,n,NC_A,farmer,1,,,,,,,,,,,,,1
campesino,campesino,nms    ,NC_O,farmer,1,,,,,,,,,,,,,1
campo,campo,nms    ,NC_O,"countryside, field, ",,,,,,,,,,,,,,1
canangucha,canangucha,n,NC_A,moriche palm,,,,,,,,,,,,,,1
canangucho,canangucho,n,NC_O,?,,,,,,,,,,,,,,1
canela,canela,nfs    ,NC_A,cinnamon,,,,,,,,,,,,,,1
canelo,canelo,nms    ,NC_O,cinnamon tree,,,,,,,,,,,,,,1
carita,carita,n,NC_A,little cara; emoji,,,,,,,,,,,,,,1
carito,carito,n,NC_O,?,,,,,,,,,,,,,,1
carretera,carretera,nfs    ,NC_A,"highway, cartwright",1,,,,,,,,,,,,,1
carretero,carretero,nms    ,NC_O,cartwright,1,,,,,,,,,,,,,1
cartera,cartera,nfs    ,NC_A,"wallet, billfold, handbag, female letter carrier",1,,,,,,,,,,,,,1
cartero,cartero,nms    ,NC_O,postman,1,,,,,,,,,,,,,1
casta√±a,casta√±a,nfs    ,NC_A,"chestnut, bun",,,,,,,,,,,,,,1
casta√±o,casta√±o,nms    ,NC_O,chestnut tree,,,,,,,,,,,,,,1
castellana,castellana,nfs    ,NC_A,castillian,1,,,,,,,,,,,,,1
castellano,castellano,nms    ,NC_O,castillian,1,,,,,,,,,,,,,1
catedr√°tica,catedr√°tico,n,NC_O,professor,1,,,,,,,,,,,,,1
catedr√°tico,catedr√°tico,nms    ,NC_O,professor,1,,,,,,,,,,,,,1
caudata,caudata,n,NC_A,?,,,,,,,,,,,,,,1
caudato,caudato,n,NC_O,?,,,,,,,,,,,,,,1
cautiva,cautiva,nfs    ,NC_A,captive,1,,,,,,,,,,,,,1
cautivo,cautivo,nms    ,NC_O,captive,1,,,,,,,,,,,,,1
cea,cea,nfs    ,NC_A,?,,,,,,,,,,,,,,1
cebra,cebra,nfs    ,NC_A,zebra,,,,,,,,,,,,,,1
cebro,cebro,nms    ,NC_O,?,,,,,,,,,,,,,,1
ceiba,ceiba,nfs    ,NC_A,silk-cotton-tree,,,,,,,,,,,,,,1
ceibo,ceibo,nms    ,NC_O,"one of several species of trees, principally Erythrina crista-galli",,,,,,,,,,,,,,1
ceo,ceo,nms    ,NC_O,?,,,,,,,,,,,,,,1
cerda,cerda,nfs    ,NC_A,"sow, bristle",1,,,,,,,,,,,,,1
cerdo,cerdo,nms    ,NC_O,"pig, pork",1,,,,,,,,,,,,,1
cereza,cereza,nfs    ,NC_A,cherry,,,,,,,,,,,,,,1
cerezo,cerezo,nms    ,NC_O,cherry tree,,,,,,,,,,,,,,1
cesta,cesta,nfs    ,NC_A,basket,,,,,,,,,,,,,,1
cesto,cesto,nms    ,NC_O,basket,,,,,,,,,,,,,,1
chacha,chacha,nfs    ,NC_A,"kid, maid",1,1,,,,,,,,,,,,1
chacho,chacho,nms    ,NC_O,kid,1,,,,,,,,,,,,,1
chata,chata,nfs    ,NC_A,"pickup truck, type of ship",,,,,,,,,,,,,,1
chato,chato,nms    ,NC_O,?,,,,,,,,,,,,,,1
chavala,chavala,n,NC_A,boy,1,,,,,,,,,,,,,1
chavalo,chavalo,nms    ,NC_O,girl,1,,,,,,,,,,,,,1
chica,chica,nfs    ,NC_A,girl,1,,,,,,,,,,,,,1
chico,chico,nms    ,NC_O,boy,1,,,,,,,,,,,,,1
chika,chika,n,NC_A,?,,,,,,,,,,,,,,1
chiko,chiko,n,NC_O,?,,,,,,,,,,,,,,1
chinita,chinito,n,NC_O,darling/dear,1,,,,,,,,,,,,,1
chinito,chinito,n,NC_O,darling/dear,1,,,,,,,,,,,,,1
chiquilla,chiquilla,n,NC_A,little girl,,,1,,,,,,,,,,,1
chiquillo,chiquillo,nms    ,NC_O,little boy,,,1,,,,,,,,,,,1
chita,chita,nms    ,NC_A,cheetah,,,,,,,,,,,,,,1
chito,chito,nms    ,NC_O,? Hush,,,,,,,,,,,,,,1
chiva,chiva,nms    ,NC_A,"blanket, goatee, shoutout",,,1,,,,,,,,,,,1
chivo,chivo,nms    ,NC_O,"goat, kid",,,1,,,,,,,,,,,1
chula,chula,nfs    ,NC_A,"pimp, freeloader, mooch",1,,,,,,,,,,,,,1
chulo,chulo,nms    ,NC_O,"pimp, freeloader, mooch",1,,,,spain and venezuela,,,,,,,,,1
cierva,cierva,nfs    ,NC_A,female deer,1,,,,,,,,,,,,,1
ciervo,ciervo,nms    ,NC_O,male deer,1,,,,,,,,,,,,,1
circa,circo,n,NC_O,?,,,,,,,,,,,,,,1
circo,circo,nms    ,NC_O,circus,,,,,,,,,,,,,,1
ciruela,ciruela,nfs    ,NC_A,plum,,,,,,,,,,,,,,1
ciruelo,ciruelo,nms    ,NC_O,plum tree,,,,,,,,,,,,,,1
ciudadana,ciudadana,n,NC_A,citizen,1,,,,,,,,,,,,,1
ciudadano,ciudadano,nms    ,NC_O,citizen,1,,,,,,,,,,,,,1
claudia,claudia,np,NC_A,greengage,,,,,,,,,,,,,,1
claudio,claudio,n,NC_O,?,,,,,,,,,,,,,,1
co√±a,co√±a,nfs    ,NC_A,"mockery, female coño",1,,,,,,,,,,,,,1
co√±o,co√±o,n,NC_O,vagina,1,,,,,,,,,,,,,1
coa,coa,nfs    ,NC_A,,,,,,,,,,,,,,,1
cochera,cochera,nfs    ,NC_A,"coachman, bus depot",1,,,,,,,,,,,,,1
cochero,cochero,nms    ,NC_O,coachman,1,,,,,,,,,,,,,1
cocinera,cocinera,n,NC_A,cook,1,,,,,,,,,,,,,1
cocinero,cocinero,nms    ,NC_O,cook,1,,,,,,,,,,,,,1
cofia,cofia,nfs    ,NC_A,cap for nurse and waitress,,,,,,,,,,,,,,1
cofio,cofio,n,NC_O,?,,,,,,,,,,,,,,1
col√°gena,col√°gena,n,NC_A,adj. collagenic,,,,,,,,,,,,,,1
col√°geno,col√°geno,nms    ,NC_O,"collagen, colagenic",,,,,,,,,,,,,,1
colorida,colorido,n,NC_O,adj. colored,,,,,,,,,,,,,,1
colorido,colorido,n,NC_O,"coloring, coloration",,,,,also adj,,,,,,,,,1
comisaria,comisaria,n,NC_A,commissioner,1,,,,,,,,,,,,,1
comisario,comisario,nms    ,NC_O,commissioner,1,,,,,,,,,,,,,1
compa√±era,compa√±era,n,NC_A,friend,1,,,,,,,,,,,,,1
compa√±erita,compa√±erita,n,NC_A,little friend,1,,1,,,,,,,,,,,1
compa√±erito,compa√±erito,n,NC_O,little friend,1,,1,,,,,,,,,,,1
compa√±ero,compa√±ero,nms    ,NC_O,friend,1,,,,,,,,,,,,,1
companera,compa√±ero,n,NC_O,friend,1,,,,,,,,,,,,,1
companero,compa√±ero,n,NC_O,friend,1,,,,,,,,,,,,,1
comparativa,comparativa,n,NC_A,adj. comparative,,,,,,,,,,,,,,1
comparativo,comparativo,n,NC_O,comparative; adj. comparative,,,,,,,,,,,,,,1
concha,concha,nfs    ,NC_A,"seashell, sweet bread (MX), vagina",,,1,,,,,,,,,,,1
concho,concho,n,NC_O,"dregs (LA), car/motor (DR), tax (DR",,,1,,,,,,,,,,,1
concubina,concubina,nfs    ,NC_A,concubine,1,,,,,,,,,,,,,1
concubino,concubino,n,NC_O,concubine,1,,,,,,,,,,,,,1
conducta,conducta,nfs    ,NC_A,"behavior, conduct",,,1,,,,,,,,,,,1
conducto,conducto,nms    ,NC_O,"duct, pipeline",,,1,,,,,,,,,,,1
coneja,coneja,nfs    ,NC_A,rabbit,1,,,,,,,,,,,,,1
conejo,conejo,nms    ,NC_O,rabbit,1,,,,,,,,,,,,,1
conjura,conjura,nfs    ,NC_A,"conspireation, conjuring, exorcism",,,,,,,,,,,,,,1
conjuro,conjuro,nms    ,NC_O,"spell, conjuration",,,,,,,,,,,,,,1
consejera,consejero,n,NC_O,adviser,1,,,,,,,,,,,,,1
consejero,consejero,nms    ,NC_O,adviser,1,,,,,,,,,,,,,1
convenia,convenio,n,NC_O,?,,,,,,,,,,,,,,1
convenio,convenio,nms    ,NC_O,"agreement, covenant",,,,,,,,,,,,,,1
coo,coo,n,NC_O,?,,,,,,,,,,,,,,1
cora,cora,nms    ,NC_A,"region of Andalusia, Quarter (Salvador)",,,,,,,,,,,,,,1
core√≥grafa,core√≥grafa,nfs    ,NC_A,choreographer,1,,,,,,,,,,,,,1
core√≥grafo,core√≥grafo,nms    ,NC_O,coreographer,1,,,,,,,,,,,,,1
coro,coro,nms    ,NC_O,choir,,,,,,,,,,,,,,1
costurero,costurero,nms    ,NC_O,seamster,1,,,,,,,,,,,,,1
cr√≠a,cr√≠a,nfs    ,NC_A,"kid, pup, litter, childrearing",1,,,,V,,,,,,,,,1
cr√≠o,cr√≠o,nms    ,NC_O,kid,1,,,,,,,,,,,,,1
cu√±ada,cu√±ada,n,NC_A,brother in law,1,,,,,,,,,,,,,1
cu√±ado,cu√±ado,nms    ,NC_O,sister in law,1,,,,,,,,,,,,,1
cuajada,cuajada,nfs    ,NC_A,"milk curde, type of desert (SP)",,,,,V,,,,,,,,,1
cuajado,cuajado,nms    ,NC_O,?,,,,,V,,,,,,,,,1
cuchilla,cuchilla,nfs    ,NC_A,knife,,,,,,,,,,,,,,1
cuchillo,cuchillo,nms    ,NC_O,knife,,,,,,,,,,,,,,1
curandera,curandera,nfs    ,NC_A,shaman,1,,,,,,,,,,,,,1
curandero,curandero,nms    ,NC_O,shaman,1,,,,,,,,,,,,,1
curr√≠cula,curr√≠culo,n,NC_O,curriculum,,,,,,,,,,,,,,1
curr√≠culo,curr√≠culo,nms    ,NC_O,curriculum,,,,,,,,,,,,,,1
curricula,curricula,n,NC_A,curriculum,,,,,with Accent,,,,,,,,,1
curriculo,curr√≠culo,n,NC_O,curriculum,,,,,,,,,,,,,,1
d√≠a,d√≠a,nms    ,NC_A,day,,,,,,,,,,,,,,1
d√≠o,d√≠o,n,NC_O,?,,,,,,,,,,,,,,1
dana,dana,n,NC_A,?,,,,,,,,,,,,,,1
dano,dano,n,NC_O,?,,,,,,,,,,,,,,1
dea,dea,nfs    ,NC_A,goddess,1,,,,,,,,,,,,,1
decana,decana,n,NC_A,senior person,1,,,,,,,,,,,,,1
decano,decano,nms    ,NC_O,senior person,1,,,,,,,,,,,,,1
delantera,delantera,nfs    ,NC_A,(soccer) forward,1,,,,,,,,,,,,,1
delantero,delantero,nms    ,NC_O,(soccer) forward,1,,,,,,,,,,,,,1
delegada,delegada,n,NC_A,delegate,1,,,,,,,,,,,,,1
delegado,delegado,nms    ,NC_O,delegate,1,,,,,,,,,,,,,1
denuncia,denuncia,nfs    ,NC_A,report,,,,,V,,,,,,,,,1
denuncio,denuncio,nms    ,NC_O,?,,,,,V,,,,,,,,,1
deo,deo,n,NC_O,?,,,,,,,,,,,,,,1
depositaria,depositario,n,NC_O,Adj.,,,,,Adj,,,,,,,,,1
depositario,depositario,nms    ,NC_O,depository,,,,,,,,,,,,,,1
derivada,derivada,n,NC_A,V,,,,,,,,,,,,,,1
derivado,derivado,nms    ,NC_O,derivative,,,,,,,,,,,,,,1
descarga,descarga,nfs    ,NC_A,"unloading, discharge, electrick shock, download",,,,,V,,,,,,,,,1
descargo,descargo,nms    ,NC_O,"unloading, rebuttal",,,,,V,,,,,,,,,1
descubierta,descubierta,nfs    ,NC_A,military patrolling,,,,,Adj/V,,,,,,,,,1
descubierto,descubierto,nms    ,NC_O,Adj/V,,,,,,,,,,,,,,1
desecha,desecho,n,NC_O,?,,,,,V,,,,,,,,,1
desecho,desecho,nms    ,NC_O,waste/trash,,,,,V,,,,,,,,,1
devia,devia,n,NC_A,?,,,,,,,,,,,,,,1
devio,devio,n,NC_O,?,,,,,,,,,,,,,,1
devota,devota,nfs    ,NC_A,pious person,1,,,,,,,,,,,,,1
devoto,devoto,nms    ,NC_O,pious person,1,,,,,,,,,,,,,1
devuelta,devuelto,n,NC_O,V,,,,,,,,,,,,,,1
devuelto,devuelto,n,NC_O,V,,,,,,,,,,,,,,1
dia,d√≠a,n,NC_A,day,,,,,,,,,,,,,,1
dietaria,dietario,n,NC_O,Adj,,,,,,,,,,,,,,1
dietario,dietario,nms    ,NC_O,"diary, planner",,,,,Adj,,,,,,,,,1
dio,dio,n,NC_O,V,,,,,,,,,,,,,,1
diputada,diputada,n,NC_A,deputy,1,,,,,,,,,,,,,1
diputado,diputado,n,NC_O,deputy,1,,,,,,,,,,,,,1
directiva,directiva,nfs    ,NC_A,director,1,,,,,,,,,,,,,1
directivo,directivo,nms    ,NC_O,director,1,,,,,,,,,,,,,1
disc√≠pula,disc√≠pulo,n,NC_O,disciple,1,,,,,,,,,,,,,1
disc√≠pulo,disc√≠pulo,nms    ,NC_O,disciple,1,,,,,,,,,,,,,1
draga,draga,nfs    ,NC_A,V,,,,,,,,,,,,,,1
drago,drago,nms    ,NC_O,dragon tree,,,,,,,,,,,,,,1
dramaturga,dramaturga,nfs    ,NC_A,playwright,1,,,,,,,,,,,,,1
dramaturgo,dramaturgo,nms    ,NC_O,playwright,1,,,,,,,,,,,,,1
due√±a,due√±a,nfs    ,NC_A,"owner, master",1,,,,,,,,,,,,,1
due√±o,due√±o,n,NC_O,"owner, master",1,,,,,,,,,,,,,1
duena,due√±o,n,NC_O,"owner, master",1,,,,,,,,,,,,,1
dueno,due√±o,n,NC_O,"owner, master",1,,,,,,,,,,,,,1
echada,echada,nfs    ,NC_A,V,,,,,,,,,,,,,,1
echado,echado,nms    ,NC_O,V,,,,,,,,,,,,,,1
egresada,egresado,n,NC_O,alumnus,1,,,,,,,,,,,,,1
egresado,egresado,n,NC_O,alumnus,1,,,,,,,,,,,,,1
ejecutiva,ejecutiva,nfs    ,NC_A,executive,1,,,,,,,,,,,,,1
ejecutivo,ejecutivo,nms    ,NC_O,executive,1,,,,,,,,,,,,,1
el√°stica,el√°stica,nfs    ,NC_A,Adj,,,,,,,,,,,,,,1
el√°stico,el√°stico,nms    ,NC_O,Adj,,,,,,,,,,,,,,1
ela,ela,n,NC_A,?,,,,,,,,,,,,,,1
elo,elo,n,NC_O,?,,,,,,,,,,,,,,1
emplea,empleo,n,NC_O,V,,,,,,,,,,,,,,1
empleo,empleo,n,NC_O,"job, employment",,,,,,,,,,,,,,1
empresaria,empresaria,n,NC_A,businesswoman,1,,,,,,,,,,,,,1
empresario,empresario,nms    ,NC_O,businessman,1,,,,,,,,,,,,,1
enamorada,enamorada,n,NC_A,lover,1,,,,,,,,,,,,,1
enamorado,enamorado,n,NC_O,lover,1,,,,,,,,,,,,,1
encargada,encargada,n,NC_A,person in charge,1,,,,,,,,,,,,,1
encargado,encargado,nms    ,NC_O,person in charge,1,,,,,,,,,,,,,1
encina,encina,nfs    ,NC_A,oak,,,,,,,,,,,,,,1
encino,encino,nms    ,NC_O,oak,,,,,,,,,,,,,,1
enemiga,enemiga,nfs    ,NC_A,enemy,1,,,,,,,,,,,,,1
enemigo,enemigo,nms    ,NC_O,enemy,1,,,,,,,,,,,,,1
enfermera,enfermera,n,NC_A,nurse,1,,,,,,,,,,,,,1
enfermero,enfermero,nms    ,NC_O,nurse,1,,,,,,,,,,,,,1
entendia,entendia,n,NC_A,?,,,,,,,,,,,,,,1
entendio,entendio,n,NC_O,?,,,,,,,,,,,,,,1
enterita,enterito,n,NC_O,Adj,,,,,,,,,,,,,,1
enterito,enterito,n,NC_O,Adj,,,,,,,,,,,,,,1
esbirra,esbirra,n,NC_A,minion,1,,,,,,,,,,,,,1
esbirro,esbirro,nms    ,NC_O,henchmen,1,,,,,,,,,,,,,1
escalada,escalada,nfs    ,NC_A,"increase, rise, climb",,,,,V,,,,,,,,,1
escalado,escalado,nms    ,NC_O,V,,,,,V,,,,,,,,,1
escanda,escanda,nfs    ,NC_A,V,,,,,,,,,,,,,,1
escando,escando,n,NC_O,Type of rhy bread,,,,,,,,,,,,,,1
escaneala,escaneala,n,NC_A,?,,,,,,,,,,,,,,1
escanealo,escanealo,n,NC_O,?,,,,,,,,,,,,,,1
esclava,esclava,nfs    ,NC_A,slave,1,,,,,,,,,,,,,1
esclavo,esclavo,nms    ,NC_O,slave,1,,,,,,,,,,,,,1
escritoria,escritoria,n,NC_A,?,,,,,,,,,,,,,,1
escritorio,escritorio,nms    ,NC_O,writing desk; study,,,,,,,,,,,,,,1
escucha,escucha,nms    ,NC_A,"listening, monitoring, tapping, scout",,,,,V,,,,,,,,,1
escucho,escucho,nms    ,NC_O,V,,,,,,,,,,,,,,1
esposa,esposa,nfs    ,NC_A,spouse,1,,,,,,,,,,,,,1
esposo,esposo,n,NC_O,spouse,1,,,,,,,,,,,,,1
esta,esta,n,NC_A,?,,,,,,,,,,,,,,1
estad√≠a,estad√≠a,nfs    ,NC_A,"stay, sojourn, demurrage",,,,,,,,,,,,,,1
estad√≠o,estad√≠o,n,NC_O,?,,,,,,,,,,,,,,1
estad√≠stica,estad√≠stica,nfs    ,NC_A,statistics; statistician,1,,,,Adj,,,,,,,,,1
estad√≠stico,estad√≠stico,nms    ,NC_O,statistician,1,,,,,,,,,,,,,1
esto,esto,n,NC_O,?,,,,,,,,,,,,,,1
estra,estra,n,NC_A,?,,,,,,,,,,,,,,1
estro,estro,nms    ,NC_O,"gadfly, inspiration",,,,,,,,,,,,,,1
eurodiputada,eurodiputada,nfs    ,NC_A,member of EU parliament,1,,,,,,,,,,,,,1
eurodiputado,eurodiputado,nms    ,NC_O,member of EU parliament,1,,,,,,,,,,,,,1
eva,eva,np,NC_A,?,,,,,,,,,,,,,,1
evo,evo,nms    ,NC_O,eternity,,,,,,,,,,,,,,1
ex-novia,ex-novia,n,NC_A,ex-gf,1,,,,,,,,,,,,,1
ex-novio,ex-novio,n,NC_O,ex-bf,1,,,,,,,,,,,,,1
exempleada,exempleada,n,NC_A,former employee,1,,,,,,,,,,,,,1
exempleado,exempleado,n,NC_O,former employee,1,,,,,,,,,,,,,1
exesposa,exesposa,n,NC_A,ex-wife,1,,,,,,,,,,,,,1
exesposo,exesposo,n,NC_O,ex-husband,1,,,,,,,,,,,,,1
exita,√©xito,n,NC_O,?,,,,,,,,,,,,,,1
exito,√©xito,n,NC_O,success,,,,,,,,,,,,,,1
exministra,exministra,n,NC_A,ex-minister,1,,,,,,,,,,,,,1
exministro,exministro,n,NC_O,ex-minister,1,,,,,,,,,,,,,1
experta,experta,n,NC_A,expert,1,,,,,,,,,,,,,1
experticia,experticia,nfs    ,NC_A,expertise (VZ),,,,,,,,,,,,,,1
experticio,experticio,n,NC_O,?,,,,,,,,,,,,,,1
experto,experto,nms    ,NC_O,expert,1,,,,,,,,,,,,,1
exsecretaria,exsecretaria,n,NC_A,ex-secretary,1,,,,,,,,,,,,,1
exsecretario,exsecretario,n,NC_O,ex-secretary,1,,,,,,,,,,,,,1
extranjera,extranjero,n,NC_O,Foreigner,1,,,,,,,,,,,,,1
extranjero,extranjero,nms    ,NC_O,Foreigner,1,,,,,,,,,,,,,1
f√≠sica,f√≠sica,nfs    ,NC_A,physicist,1,,,,,,,,,,,,,1
f√≠sico,f√≠sico,nms    ,NC_O,physicist,1,,,,,,,,,,,,,1
fanatica,fan√°tica,n,NC_A,fanatic,1,,,,,,,,,,,,,1
fanatico,fan√°tico,n,NC_O,fanatic,1,,,,,,,,,,,,,1
fasta,fasto,n,NC_O,Adj,,,,,,,,,,,,,,1
fastidia,fastidio,n,NC_O,V,,,,,,,,,,,,,,1
fastidio,fastidio,nms    ,NC_O,annoyance,,,,,,,,,,,,,,1
fasto,fasto,nms    ,NC_O,pageantry,,,,,,,,,,,,,,1
favorita,favorita,n,NC_A,favorite,,,,,,,,,,,,,,1
favorito,favorito,nms    ,NC_O,favorite,,,,,,,,,,,,,,1
fernanda,fernanda,n,NC_A,?,,,,,,,,,,,,,,1
fernando,fernando,n,NC_O,?,,,,,,,,,,,,,,1
fil√≥sofa,fil√≥sofo,n,NC_O,Philosopher,1,,,,,,,,,,,,,1
fil√≥sofo,fil√≥sofo,nms    ,NC_O,Philosopher,1,,,,,,,,,,,,,1
fisica,f√≠sica,n,NC_A,physicist,1,,,,,,,,,,,,,1
fisico,f√≠sico,n,NC_O,physicist,1,,,,,,,,,,,,,1
fora,fora,n,NC_A,?,,,,,,,,,,,,,,1
foro,foro,nms    ,NC_O,forum,,,,,,,,,,,,,,1
fregada,fregada,nfs    ,NC_A,Adj,,,,,,,,,,,,,,1
fregado,fregado,nms    ,NC_O,"mop, trouble, argument",,,,,,,,,,,,,,1
fria,fria,n,NC_A,?,,,,,,,,,,,,,,1
frio,frio,n,NC_O,?,,,,,,,,,,,,,,1
frisa,frisa,nfs    ,NC_A,"frieze, (PR) blanket",,,,,V,,,,,,,,,1
friso,friso,nms    ,NC_O,"frieze, (PR) blanket",,,,,V,,,,,,,,,1
fulana,fulana,nfs    ,NC_A,so-and-so,1,,,,,,,,,,,,,1
fulano,fulano,nms    ,NC_O,so-and-so,1,,,,,,,,,,,,,1
fumada,fumada,nfs    ,NC_A,puff (of cigarette),,,,,V/Adj,,,,,,,,,1
fumado,fumado,nms    ,NC_O,Adj/V,,,,,,,,,,,,,,1
funcionaria,funcionaria,n,NC_A,public official,1,,,,,,,,,,,,,1
funcionario,funcionario,nms    ,NC_O,public official,1,,,,,,,,,,,,,1
g√ºena,g√ºena,n,NC_A,person with sex appeal,1,,,,,,,,,,,,,1
g√ºeno,g√ºeno,n,NC_O,person with sex appeal,1,,,,,,,,,,,,,1
ga,ga,n,NC_A,,,,,,,,,,,,,,,1
galena,galena,nfs    ,NC_A,doctor,1,,,,,,,,,,,,,1
galeno,galeno,n,NC_O,doctor,1,,,,,,,,,,,,,1
galilea,galilea,nfs    ,NC_A,?,,,,,,,,,,,,,,1
galileo,galileo,nms    ,NC_O,?,,,,,,,,,,,,,,1
galla,gallo,n,NC_O,broad,1,,,,,,,,,,,,,1
galleguita,galleguita,n,NC_A,little galician,1,,,,,,,,,,,,,1
galleguito,galleguito,n,NC_O,little galician,1,,,,,,,,,,,,,1
gallo,gallo,nms    ,NC_O,rooster,1,,,,,,,,,,,,,1
gambita,gambita,n,NC_A,?,,,,,,,,,,,,,,1
gambito,gambito,nms    ,NC_O,gambit,,,,,,,,,,,,,,1
gameta,gameta,n,NC_A,?,,,,,,,,,,,,,,1
gameto,gameto,nms    ,NC_O,gamete,,,,,,,,,,,,,,1
gata,gata,nfs    ,NC_A,she-cat,1,,,,,,,,,,,,,1
gatita,gatito,n,NC_O,small cat,1,,,,,,,,,,,,,1
gatito,gatito,n,NC_O,small cat,1,,,,,,,,,,,,,1
gato,gato,nms    ,NC_O,cat,1,,,,,,,,,,,,,1
genia,genia,n,NC_A,?,,,,,,,,,,,,,,1
genio,genio,nms    ,NC_O,genius,1,,,,,,,,,,,,,1
ginec√≥loga,ginec√≥logo,nfs    ,NC_O,gynecologist,1,,,,,,,,,,,,,1
ginec√≥logo,ginec√≥logo,nms    ,NC_O,gynecologist,1,,,,,,,,,,,,,1
ginecologa,ginec√≥loga,n,NC_A,gynecologist,1,,,,,,,,,,,,,1
ginecologo,ginec√≥logo,n,NC_O,gynecologist,1,,,,,,,,,,,,,1
gitana,gitana,n,NC_A,gypsy,1,,,,,,,,,,,,,1
gitanilla,gitanilla,nfs    ,NC_A,little gypsy,1,,,,,,,,,,,,,1
gitanillo,gitanillo,n,NC_O,little gypsy,1,,,,,,,,,,,,,1
gitano,gitano,nms    ,NC_O,gypsy,1,,,,,,,,,,,,,1
go,go,n,NC_O,go game,,,,,,,,,,,,,,1
gorda,gorda,nfs    ,NC_A,fat woman,1,,,,,,,,,,,,,1
gordo,gordo,nms    ,NC_O,fat man,1,,,,,,,,,,,,,1
gorra,gorra,nfs    ,NC_A,"cap, ",,,,,,,,,,,,,,1
gorrita,gorrita,n,NC_A,beanie,,,,,,,,,,,,,,1
gorrito,gorrito,n,NC_O,"baby bonnet, (LA) condom",,,,,,,,,,,,,,1
gorro,gorro,nms    ,NC_O,"cap, hat",,,,,,,,,,,,,,1
gr√°fica,gr√°fica,nfs    ,NC_A,"graph, graphic",,,,,,,,,,,,,,1
gr√°fico,gr√°fico,nms    ,NC_O,"graph, chart",,,,,Adj,,,,,,,,,1
grilla,grilla,n,NC_A,female cricket/ grill,,,,,,,,,,,,,,1
grillo,grillo,n,NC_O,cricket,,,,,,,,,,,,,,1
griter√≠a,griter√≠a,nfs    ,NC_A,"outcry, uproar",,,,,,,,,,,,,,1
griter√≠o,griter√≠o,nms    ,NC_O,"clamour, uproar",,,,,,,,,,,,,,1
grulla,grulla,nfs    ,NC_A,crane (bird),,,,,Adj,,,,,,,,,1
grullo,grullo,nms    ,NC_O,Adj,,,,,,,,,,,,,,1
guacamaya,guacamaya,nfs    ,NC_A,"Macaw (CA), Candle Bush (CB, Honduras)",,,,,,,,,,,,,,1
guacamayo,guacamayo,nms    ,NC_O,"Macaw (El Salvador, Honduras)",,,,,,,,,,,,,,1
guajira,guajira,nfs    ,NC_A,Adj,,,,,,,,,,,,,,1
guajiro,guajiro,nms    ,NC_O,Adj,,,,,,,,,,,,,,1
guan√°bana,guan√°bana,nfs    ,NC_A,soursop/ custard apple,,,,,,,,,,,,,,1
guan√°bano,guan√°bano,nms    ,NC_O,Tree,,,,,,,,,,,,,,1
guayaba,guayaba,nfs    ,NC_A,guava,,,,,V,,,,,,,,,1
guayabo,guayabo,nms    ,NC_O,guava tree,,,,,,,,,,,,,,1
guerca,guerca,n,NC_A,?,,,,,,,,,,,,,,1
guerco,guerco,n,NC_O,?,,,,,,,,,,,,,,1
guerrillera,guerrillera,n,NC_A,guerrilla fighter,1,,,,,,,,,,,,,1
guerrillero,guerrillero,nms    ,NC_O,guerrilla fighter,1,,,,,,,,,,,,,1
guinda,guinda,nms    ,NC_A,sour cherry,,,,,V,,,,,,,,,1
guindo,guindo,nms    ,NC_O,sour cherry tree,,,,,,,,,,,,,,1
habanera,habanera,nfs    ,NC_A,person from havana,1,,,,,,,,,,,,,1
habanero,habanero,nms    ,NC_O,person from havana,1,,,,,,,,,,,,,1
hacha,hacha,nfs    ,NC_A,"axe, hatchet, ace, wizard; a kind of torch",,,,,V,,,,,,,,,1
hacho,hacho,nms    ,NC_O,V,,,,,,,,,,,,,,1
hagala,hagala,n,NC_A,,,,,,,,,,,,,,,1
hagalo,hagalo,n,NC_O,,,,,,,,,,,,,,,1
hechicera,hechicera,nfs    ,NC_A,sorceress,1,,,,,,,,,,,,,1
hechicero,hechicero,nms    ,NC_O,sorcerer,1,,,,,,,,,,,,,1
helena,heleno,n,NC_O,hellen,1,,,,,,,,,,,,,1
heleno,heleno,n,NC_O,hellen,1,,,,,,,,,,,,,1
hermana,hermana,n,NC_A,sister,1,,,,,,,,,,,,,1
hermano,hermano,n,NC_O,brother,1,,,,,,,,,,,,,1
herrera,herrera,nfs    ,NC_A,blacksmith,1,,,,,,,,,,,,,1
herrero,herrero,nms    ,NC_O,blacksmith,1,,,,,,,,,,,,,1
hidra,hidra,nfs    ,NC_A,hydra (mythical creature),1,,,,,,,,,,,,,1
hidro,hidro,n,NC_O,hydra (mythical creature),1,,,,,,,,,,,,,1
hija,hijo,n,NC_O,child,1,,,,,,,,,,,,,1
hijita,hijita,n,NC_A,small child,1,,1,,,,,,,,,,,1
hijito,hijito,n,NC_O,small child,1,,1,,,,,,,,,,,1
hijo,hijo,nms    ,NC_O,child,1,,,,,,,,,,,,,1
hna,hna,n,NC_A,?,,,,,,,,,,,,,,1
hno,hermano,n,NC_O,?,,,,,,,,,,,,,,1
hoja,hoja,nfs    ,NC_A,"leaf, petal, blade, sheet, foil",,,,,,,,,,,,,,1
hojo,hojo,n,NC_O,?,,,,,,,,,,,,,,1
hom√≥nima,hom√≥nima,nfs    ,NC_A,Adj,,,,,,,,,,,,,,1
hom√≥nimo,hom√≥nimo,nms    ,NC_O,homonym,,,,,,,,,,,,,,1
humana,humano,nj,NC_O,human,1,,,,,,,,,,,,,1
humano,humano,nms    ,NC_O,human,1,,,,,,,,,,,,,1
ide√≥loga,ide√≥logo,nfs    ,NC_O,ideologist,1,,,,,,,,,,,,,1
ide√≥logo,ide√≥logo,nms    ,NC_O,ideologist,1,,,,,,,,,,,,,1
idola,idola,n,NC_A,female idol,1,,,,,,,,,,,,,1
idolo,√≠dolo,n,NC_O,idol,1,,,,,,,,,,,,,1
impedimenta,impedimenta,nfs    ,NC_A,?,,,,,,,,,,,,,,1
impedimento,impedimento,nms    ,NC_O,"obstacle, impediment",,,,,,,,,,,,,,1
inactiva,inactivo,n,NC_O,adj/V,1,,,,,,,,,,,,,1
inactivo,inactivo,n,NC_O,Inactive person,1,,,,,,,,,,,,,1
inc√≥gnita,inc√≥gnita,nfs    ,NC_A,adj,,,,,,,,,,,,,,1
inc√≥gnito,inc√≥gnito,nms    ,NC_O,"mystery, unknown",,,,,,,,,,,,,,1
incentiva,incentivo,n,NC_O,V,,,,,,,,,,,,,,1
incentivo,incentivo,nms    ,NC_O,incentive,,,,,,,,,,,,,,1
ingeniera,ingeniera,n,NC_A,Engineer,1,,,,,,,,,,,,,1
ingeniero,ingeniero,nms    ,NC_O,engineer,1,,,,,,,,,,,,,1
inodora,inodoro,n,NC_O,adj,,,,,,,,,,,,,,1
inodoro,inodoro,n,NC_O,toilet,,,,,Adj,,,,,,,,,1
interna,interna,n,NC_A,patient,1,,,,,,,,,,,,,1
internada,internada,nfs    ,NC_A,intern,1,,,,,,,,,,,,,1
internado,internado,nms    ,NC_O,intern; boarding school,1,,,,,,,,,,,,,1
interno,interno,nms    ,NC_O,patient,1,,,,,,,,,,,,,1
jabonada,jabonada,nfs    ,NC_A,V,,,,,,,,,,,,,,1
jabonado,jabonado,nms    ,NC_O,V,,,,,,,,,,,,,,1
jardinera,jardinera,nfs    ,NC_A,gardener,1,,,,,,,,,,,,,1
jardinero,jardinero,nms    ,NC_O,gardener,1,,,,,,,,,,,,,1
jarra,jarra,nfs    ,NC_A,"jug, pitcher, stein, mug",,,,,,,,,,,,,,1
jarro,jarro,nms    ,NC_O,"jug, pitcher, stein, mug",,,,,,,,,,,,,,1
jota,jota,nfs    ,NC_A,"iota, jack in a deck of cards; (MX)f*g",,1,,,,,,,,,,,,1
joto,joto,nms    ,NC_O,"f*g (MX, Honduras); joker, jack",,1,,,,,,,,,,,,1
jovencita,jovencita,n,NC_A,young person,1,,,,,,,,,,,,,1
jovencito,jovencito,n,NC_O,young person,1,,,,,,,,,,,,,1
juanita,juanita,np,NC_A,Proper Name,1,,,,,,,,,,,,,1
juanito,juanito,np,NC_O,Proper Name,1,,,,,,,,,,,,,1
jud√≠a,jud√≠o,n,NC_O,Jew,1,,,,,,,,,,,,,1
jud√≠o,jud√≠o,nms    ,NC_O,Jew,1,,,,,,,,,,,,,1
judia,jud√≠o,n,NC_O,Jew,1,,,,,,,,,,,,,1
judio,jud√≠o,n,NC_O,Jew,1,,,,,,,,,,,,,1
julia,julia,np,NC_A,Proper Name,,,,,,,,,,,,,,1
julio,julio,nms    ,NC_O,July,,,,,,,,,,,,,,1
kasa,kasa,n,NC_A,?,,,,,,,,,,,,,,1
kaso,kaso,n,NC_O,?,,,,,,,,,,,,,,1
l√≠a,l√≠a,nfs    ,NC_A,V,,,,,,,,,,,,,,1
l√≠o,l√≠o,nms    ,NC_O,"bundle, trouble, lover, ",,,,,V,,,,,,,,,1
l√∫cuma,l√∫cuma,nfs    ,NC_A,lucmo fruit,,,,,,,,,,,,,,1
l√∫cumo,l√∫cumo,nms    ,NC_O,?,,,,,,,,,,,,,,1
lada,lada,nfs    ,NC_A,?,,,,,,,,,,,,,,1
lado,lado,nms    ,NC_O,"side, face",,,,,,,,,,,,,,1
latina,latino,nj,NC_O,Latin,1,,,,,,,,,,,,,1
latino,latino,nms    ,NC_O,Latin,1,,,,,,,,,,,,,1
lauda,lauda,nfs    ,NC_A,V,,,,,,,,,,,,,,1
laudo,laudo,nms    ,NC_O,"ruling, decision",,,,,,,,,,,,,,1
lavandera,lavandera,nfs    ,NC_A,wagtail; lavander seller; laundry woman,1,,,,,,,,,,,,,1
lavandero,lavandero,nms    ,NC_O,laundry man,1,,,,,,,,,,,,,1
lechera,lechera,nfs    ,NC_A,milkman,1,,,,,,,,,,,,,1
lechero,lechero,nms    ,NC_O,milkman,1,,,,,,,,,,,,,1
liberta,liberta,nfs    ,NC_A,free man,1,,,,,,,,,,,,,1
liberto,liberto,nms    ,NC_O,free man,1,,,,,,,,,,,,,1
librada,librada,nfs    ,NC_A,liberated person,1,,,,,,,,,,,,,1
librado,librado,nms    ,NC_O,liberated person,1,,,,,,,,,,,,,1
librera,librero,n,NC_O,bookseller,1,,,,,,,,,,,,,1
librero,librero,nms    ,NC_O,"bookshelf, bookseller",1,,,,,,,,,,,,,1
licenciada,licenciado,n,NC_O,bachelor (obtained degree),1,,,,,,,,,,,,,1
licenciado,licenciado,n,NC_O,bachelor (obtained degree),1,,,,,,,,,,,,,1
lila,lila,n,NC_A,"lilac (flower/bush), lilac (color)",,,,,,,,,,,,,,1
lilo,lilo,nms    ,NC_O,Proper Name,,,,,,,,,,,,,,1
lime√±a,lime√±a,nfs    ,NC_A,person from Lima,1,,,,,,,,,,,,,1
lime√±o,lime√±o,nms    ,NC_O,person from Lima,1,,,,,,,,,,,,,1
liquida,l√≠quido,nj,NC_O,Adj,,,,,Adj,,,,,,,,,1
liquido,l√≠quido,nj,NC_O,liquid,,,,,,,,,,,,,,1
lisa,lisa,nfs    ,NC_A,mullet,,,,,Adj/V,,,,,,,,,1
liso,liso,nms    ,NC_O,Adj/V,,,,,,,,,,,,,,1
literata,literato,n,NC_O,man of letters,1,,,,,,,,,,,,,1
literato,literato,nms    ,NC_O,man of letters,1,,,,,,,,,,,,,1
llamada,llamada,nfs    ,NC_A,call,,,,,,,,,,,,,,1
llamado,llamado,nms    ,NC_O,call,,,,,,,,,,,,,,1
llanera,llanero,n,NC_O,cowboy,1,,,,,,,,,,,,,1
llanero,llanero,nms    ,NC_O,cowboy,1,,,,,,,,,,,,,1
loca,loca,nfs    ,NC_A,crazy person,1,,,,,,,,,,,,,1
loco,loco,nms    ,NC_O,crazy person,1,,,,,,,,,,,,,1
lola,lola,nfs    ,NC_A,"(CH) girl, (MX) breasts",1,,,,,,,,,,,,,1
lolo,lolo,n,NC_O,"(CH) boy,",1,,,,,,,,,,,,,1
lomita,lomita,n,NC_A,small loma,,,,,,,,,,,,,,1
lomito,lomito,n,NC_O,small lomo,,,,,,,,,,,,,,1
lora,lora,nfs    ,NC_A,parrot,1,,,,,,,,,,,,,1
loro,loro,nms    ,NC_O,parrot,1,,,,,,,,,,,,,1
ltima,ltima,n,NC_A,?,,,,,,,,,,,,,,1
ltimo,ltimo,n,NC_O,?,,,,,,,,,,,,,,1
luminaria,luminaria,nms    ,NC_A,"cigil fire, lamp, light, altar lamp, limunary, star, celebrity",,,,,,,,,,,,,,1
luminario,luminario,n,NC_O,?,,,,,,,,,,,,,,1
lupa,lupa,nfs    ,NC_A,magnifying glass,,,,,,,,,,,,,,1
lupo,lupo,n,NC_O,?,,,,,,,,,,,,,,1
m√°xima,m√°xima,nfs    ,NC_A,maximum,,,,,Adj,,,,,,,,,1
m√°ximo,m√°ximo,nms    ,NC_O,maximum,,,,,,,,,,,,,,1
m√≠stica,m√≠stica,nfs    ,NC_A,mystic,1,,,,,,,,,,,,,1
m√≠stico,m√≠stico,nms    ,NC_O,mystic,1,,,,,,,,,,,,,1
m√∫sica,m√∫sica,nfs    ,NC_A,musician,1,,,,,,,,,,,,,1
m√∫sico,m√∫sico,nms    ,NC_O,musician,1,,,,,,,,,,,,,1
ma,ma,n,NC_A,mama,,,,,,,,,,,,,,1
ma√±a,ma√±a,nfs    ,NC_A,"someone from aragon; skill, aptitute, knack, trick, bad happit (LA)",1,,,,Adj/V,,,,,,,,,1
ma√±o,ma√±o,nms    ,NC_O,someone from aragon;,1,,,,Adj/V,,,,,,,,,1
madera,madera,nms    ,NC_A,"wood, wooden plank, makings",,,,,,,,,,,,,,1
madero,madero,nms    ,NC_O,"a piece of wood, police office (SP)",,,,,,,,,,,,,,1
maestra,maestra,nfs    ,NC_A,master,1,,,,,,,,,,,,,1
maestro,maestro,n,NC_O,master,1,,,,,,,,,,,,,1
maga,mago,n,NC_O,female magician; Puerto Rican Tree,1,,,,,,,,,,,,,1
magistrada,magistrado,n,NC_O,magistrate,1,,,,,,,,,,,,,1
magistrado,magistrado,nms    ,NC_O,magistrate,1,,,,,,,,,,,,,1
mago,mago,nms    ,NC_O,magician/magi,1,,,,,,,,,,,,,1
maja,maja,nfs    ,NC_A,Adj/V,,,,,,,,,,,,,,1
majo,majo,nms    ,NC_O,Adj/V,,,,,,,,,,,,,,1
malda,malda,n,NC_A,?,,,,,,,,,,,,,,1
maldo,maldo,n,NC_O,?,,,,,,,,,,,,,,1
malparida,malparido,n,NC_O,asshole (person),1,,,,,,,,,,,,,1
malparido,malparido,n,NC_O,asshole (person),1,,,,,,,,,,,,,1
mandata,mandata,n,NC_A,?,,,,,,,,,,,,,,1
mandataria,mandatario,n,NC_O,head of state,1,,,,,,,,,,,,,1
mandatario,mandatario,nms    ,NC_O,head of state,1,,,,,,,,,,,,,1
mandato,mandato,nms    ,NC_O,mandate,,,,,,,,,,,,,,1
manita,manita,nfs    ,NC_A,"little hand, (soccer) wave",,,1,,,,,,,,,,,1
manito,manito,n,NC_O,little hand,,,,,,,,,,,,,,1
manta,manta,nms    ,NC_A,"Blanket, cloth, poncho, fish trap",,,,,,,,,,,,,,1
manto,manto,nms    ,NC_O,"shroud, cloak, layer, surface, blanket",,,,,,,,,,,,,,1
manzana,manzana,nfs    ,NC_A,apple,,,,,,,,,,,,,,1
manzano,manzano,nms    ,NC_O,apple tree,,,,,,,,,,,,,,1
mara,mara,nfs    ,NC_A,"people in one's in-group; crew, gang",,,,,,,,,,,,,,1
marcela,marcela,np,NC_A,?,,,,,,,,,,,,,,1
marcelo,marcelo,n,NC_O,?,,,,,,,,,,,,,,1
maria,maria,n,NC_A,?,,,,,,,,,,,,,,1
marica,marica,nms    ,NC_A,f*g,1,,,,,,,,,,,,,1
marico,marico,n,NC_O,f*g,1,,,,,,,,,,,,,1
marinera,marinera,nfs    ,NC_A,"sailor, seaman",1,,,,,,,,,,,,,1
marinero,marinero,nms    ,NC_O,"sailor, seaman",1,,,,,,,,,,,,,1
mario,mario,n,NC_O,?,,,,,,,,,,,,,,1
maro,maro,nms    ,NC_O,?,,,,,,,,,,,,,,1
marrana,marrana,nfs    ,NC_A,pig,,,,,,,,,,,,,,1
marrano,marrano,nms    ,NC_O,pig,,,,,,,,,,,,,,1
martina,martina,np,NC_A,?,,,,,,,,,,,,,,1
martino,martino,n,NC_O,myrna bird,,,,,,,,,,,,,,1
maza,maza,nfs    ,NC_A,"mace, club, mallet, handle, drumstick",,,,,V,,,,,,,,,1
mazo,mazo,nms    ,NC_O,"hammer, mallet, gavel, pestle",,,,,,,,,,,,,,1
mbia,mbia,n,NC_A,?,,,,,,,,,,,,,,1
mbio,mbio,n,NC_O,?,,,,,,,,,,,,,,1
mca,mca,n,NC_A,?,,,,,,,,,,,,,,1
mco,mco,n,NC_O,?,,,,,,,,,,,,,,1
mec√°nica,mec√°nica,nfs    ,NC_A,mechanic,1,,,,,,,,,,,,,1
mec√°nico,mec√°nico,nms    ,NC_O,mechanic,1,,,,,,,,,,,,,1
mechera,mechera,nfs    ,NC_A,?,,,,,,,,,,,,,,1
mechero,mechero,nms    ,NC_O,burner,,,,,,,,,,,,,,1
media,media,nms    ,NC_A,"half, stocking, panythose, mean, average",,,,,Adj/V,,,,,,,,,1
medio,medio,nms    ,NC_O,"half, middle avg",,,,,,,,,,,,,,1
mela,mela,nfs    ,NC_A,"smitt, smit",,,,,,,,,,,,,,1
melo,melo,np,NC_O,?,,,,,,,,,,,,,,1
mesa,mesa,nfs    ,NC_A,table,,,,,,,,,,,,,,1
meso,meso,n,NC_O,?,,,,,,,,,,,,,,1
mesonera,mesonera,nfs    ,NC_A,hotel owner,1,,,,,,,,,,,,,1
mesonero,mesonero,nms    ,NC_O,hotel owner,1,,,,,,,,,,,,,1
metaf√≠sica,metaf√≠sica,nfs    ,NC_A,metaphysician,1,,,,,,,,,,,,,1
metaf√≠sico,metaf√≠sico,nms    ,NC_O,metaphysician,1,,,,,,,,,,,,,1
microbi√≥loga,microbi√≥logo,nfs    ,NC_O,microbiologist,1,,,,,,,,,,,,,1
microbi√≥logo,microbi√≥logo,nms    ,NC_O,microbiologist,1,,,,,,,,,,,,,1
mija,hijo,n,NC_O,child,1,,,,,,,,,,,,,1
mijo,hijo,n,NC_O,child,1,,,,,,,,,,,,,1
millonaria,millonario,n,NC_O,millionare,1,,,,,,,,,,,,,1
millonario,millonario,n,NC_O,millionare,1,,,,,,,,,,,,,1
mina,mina,nfs    ,NC_A,"mine; (AG, Chile) Girl;  Prostitute (AG)",1,,,,,,,,,,,,,1
ministra,ministra,nfs    ,NC_A,minister,1,,,,,,,,,,,,,1
ministro,ministro,nms    ,NC_O,minister,1,,,,,,,,,,,,,1
mino,mino,n,NC_O,"(AG, Chile) boy",1,,,,,,,,,,,,,1
mita,mita,nfs    ,NC_A,?,,,,,,,,,,,,,,1
mito,mito,nms    ,NC_O,myth,,,,,,,,,,,,,,1
mo,mo,n,NC_O,,,,,,,,,,,,,,,1
mocosa,mocosa,nfs    ,NC_A,brat,1,,,,,,,,,,,,,1
mocoso,mocoso,nms    ,NC_O,brat,1,,,,,,,,,,,,,1
mojala,mojala,n,NC_A,?,,,,,,,,,,,,,,1
mojalo,mojalo,n,NC_O,?,,,,,,,,,,,,,,1
molina,molino,n,NC_O,V,,,,,,,,,,,,,,1
molinera,molinero,n,NC_O,miller,1,,,,,,,,,,,,,1
molinero,molinero,nms    ,NC_O,miller,1,,,,,,,,,,,,,1
molino,molino,nms    ,NC_O,mill,,,,,,,,,,,,,,1
mona,mona,nfs    ,NC_A,"drunkenness, fuddle, female monkey",1,,,,,,,,,,,,,1
mono,mono,nms    ,NC_O,monkey,1,,,,,,,,,,,,,1
montera,montera,nfs    ,NC_A,hunter,1,,,,,,,,,,,,,1
montero,montero,nms    ,NC_O,hunter,1,,,,,,,,,,,,,1
mora,mora,nfs    ,NC_A,"mulberry, blackberry, default, moor",1,,,,,,,,,,,,,1
morena,morena,nfs    ,NC_A,dark skinner person,1,,,,,,,,,,,,,1
moreno,moreno,nms    ,NC_O,dark skinner person,1,,,,,,,,,,,,,1
moro,moro,nms    ,NC_O,moor,1,,,,,,,,,,,,,1
morocha,morocha,nfs    ,NC_A,"dark skinned person (AG, UG)",1,,,,,,,,,,,,,1
morocho,morocho,nms    ,NC_O,"dark skinned person (AG, UG)",1,,,,,,,,,,,,,1
mosquita,mosquita,nfs    ,NC_A,little mosca,,,,,,,,,,,,,,1
mosquito,mosquito,nms    ,NC_O,little mosco,,,,,,,,,,,,,,1
moza,moza,n,NC_A,girl,1,,,,,,,,,,,,,1
mozo,mozo,nms    ,NC_O,boy,1,,,,,,,,,,,,,1
mu√±eca,mu√±eca,nfs    ,NC_A,doll,,,,,,,,,,,,,,1
mu√±eco,mu√±eco,nms    ,NC_O,doll,,,,,,,,,,,,,,1
muchacha,muchacho,n,NC_O,girl,1,,,,,,,,,,,,,1
muchachita,muchachita,n,NC_A,little girl,1,,,,,,,,,,,,,1
muchachito,muchachito,n,NC_O,little boy,1,,,,,,,,,,,,,1
muchacho,muchacho,nms    ,NC_O,girl,1,,,,,,,,,,,,,1
muerta,muerto,n,NC_O,dead person,1,,,,,,,,,,,,,1
muerto,muerto,nms    ,NC_O,dead person,1,,,,,,,,,,,,,1
mula,mula,nfs    ,NC_A,"trash, mule",1,,,,,,,,,,,,,1
mulo,mulo,nms    ,NC_O,mule,1,,,,,,,,,,,,,1
musica,m√∫sica,n,NC_A,musician,1,,,,,,,,,,,,,1
musico,m√∫sico,n,NC_O,musician,1,,,,,,,,,,,,,1
naranja,naranja,n,NC_A,orange,,,,,,,,,,,,,,1
naranjo,naranjo,nms    ,NC_O,orange tree,,,,,,,,,,,,,,1
nea,neo,n,NC_O,?,,,,,Adj,,,,,,,,,1
negociada,negociado,n,NC_O,?,,,,,,,,,,,,,,1
negociado,negociado,nms    ,NC_O,?,,,,,,,,,,,,,,1
negra,negra,nfs    ,NC_A,black person,1,,,,,,,,,,,,,1
negrita,negrita,nfs    ,NC_A,small black person,1,,,,,,,,,,,,,1
negrito,negrito,nms    ,NC_O,small black person,1,,,,,,,,,,,,,1
negro,negro,nms    ,NC_O,black person,1,,,,,,,,,,,,,1
neo,neo,n,NC_O,anchor,,,,,,,,,,,,,,1
neur√≥loga,neur√≥logo,nfs    ,NC_O,neurologist,1,,,,,,,,,,,,,1
neur√≥logo,neur√≥logo,nms    ,NC_O,neurologist,1,,,,,,,,,,,,,1
ni?a,ni?a,n,NC_A,?,,,,,,,,,,,,,,1
ni?o,ni?o,n,NC_O,?,,,,,,,,,,,,,,1
ni√±ata,ni√±ata,nfs    ,NC_A,kid,1,,,,,,,,,,,,,1
ni√±ato,ni√±ato,nms    ,NC_O,kid,1,,,,,,,,,,,,,1
ni√±ita,ni√±ita,n,NC_A,small child,1,,,,,,,,,,,,,1
ni√±ito,ni√±ito,n,NC_O,small child,1,,,,,,,,,,,,,1
nina,ni√±o,n,NC_O,boy,1,,,,,,,,,,,,,1
nino,nino,n,NC_O,male doll,1,,,,,,,,,,,,,1
nosotra,nosotra,n,NC_A,?,,,,,,,,,,,,,,1
nosotro,nosotro,n,NC_O,?,,,,,,,,,,,,,,1
notaria,notaria,nfs    ,NC_A,notary,1,,,,,,,,,,,,,1
notario,notario,nms    ,NC_O,notary,1,,,,,,,,,,,,,1
novia,novia,nfs    ,NC_A,girlfriend,1,,,,,,,,,,,,,1
novicia,novicia,nfs    ,NC_A,novice,1,,,,,,,,,,,,,1
novicio,novicio,nms    ,NC_O,novice,1,,,,,,,,,,,,,1
noviecita,noviecita,n,NC_A,,,,,,,,,,,,,,,1
noviecito,noviecito,n,NC_O,,,,,,,,,,,,,,,1
novio,novio,nms    ,NC_O,,,,,,,,,,,,,,,1
nuclea,n√∫cleo,n,NC_O,,,,,,,,,,,,,,,1
nucleo,n√∫cleo,n,NC_O,,,,,,,,,,,,,,,1
nuesra,nuesra,n,NC_A,,,,,,,,,,,,,,,1
nuesro,nuesro,n,NC_O,,,,,,,,,,,,,,,1
nueva,nueva,nfs    ,NC_A,,,,,,,,,,,,,,,1
nuevo,nuevo,nms    ,NC_O,,,,,,,,,,,,,,,1
nutri√≥loga,nutri√≥logo,n,NC_O,,,,,,,,,,,,,,,1
nutri√≥logo,nutri√≥logo,n,NC_O,,,,,,,,,,,,,,,1
obsecionada,obsecionada,n,NC_A,,,,,,,,,,,,,,,1
obsecionado,obsecionado,n,NC_O,,,,,,,,,,,,,,,1
occisa,occiso,n,NC_O,,,,,,,,,,,,,,,1
occiso,occiso,n,NC_O,,,,,,,,,,,,,,,1
odont√≥loga,odont√≥logo,nfs    ,NC_O,,,,,,,,,,,,,,,1
odont√≥logo,odont√≥logo,nms    ,NC_O,,,,,,,,,,,,,,,1
oliva,oliva,nfs    ,NC_A,,,,,,,,,,,,,,,1
olivo,olivo,nms    ,NC_O,,,,,,,,,,,,,,,1
onc√≥loga,onc√≥logo,nfs    ,NC_O,,,,,,,,,,,,,,,1
onc√≥logo,onc√≥logo,nms    ,NC_O,,,,,,,,,,,,,,,1
opa,opa,nms    ,NC_A,,,,,,,,,,,,,,,1
opo,opo,n,NC_O,,,,,,,,,,,,,,,1
optica,√≥ptica,n,NC_A,,,,,,,,,,,,,,,1
optico,optico,n,NC_O,,,,,,,,,,,,,,,1
oratoria,oratoria,nfs    ,NC_A,,,,,,,,,,,,,,,1
oratorio,oratorio,nms    ,NC_O,,,,,,,,,,,,,,,1
orca,orca,nfs    ,NC_A,,,,,,,,,,,,,,,1
orco,orco,n,NC_O,,,,,,,,,,,,,,,1
osa,osa,nfs    ,NC_A,,,,,,,,,,,,,,,1
oso,oso,n,NC_O,,,,,,,,,,,,,,,1
ostra,ostra,nfs    ,NC_A,,,,,,,,,,,,,,,1
ostro,ostro,nms    ,NC_O,,,,,,,,,,,,,,,1
ova,ova,nfs    ,NC_A,,,,,,,,,,,,,,,1
ovo,ovo,n,NC_O,,,,,,,,,,,,,,,1
pa,pa,n,NC_A,,,,,,,,,,,,,,,1
paca,paca,nfs    ,NC_A,llama,1,,,,,,,,,,,,,1
paco,paco,np,NC_O,llama,1,,,,,,,,,,,,,1
paga,paga,nfs    ,NC_A,payment/allowance,,,,,V,,,,,,,,,1
pago,pago,nms    ,NC_O,payment,,,,,,,,,,,,,,1
pajarita,pajarita,nfs    ,NC_A,little bird,1,,,,,,,,,,,,,1
pajarito,pajarito,nms    ,NC_O,little bird,1,,,,,,,,,,,,,1
palabrer√≠a,palabrer√≠a,nfs    ,NC_A,claptrap (empty promise),,,,,,,,,,,,,,1
palabrer√≠o,palabrer√≠o,n,NC_O,claptrap (empty promise),,,,,,,,,,,,,,1
paleta,paleta,nfs    ,NC_A,"hillbillly; small trowel, lollipop",1,,1,,Adj,,,,,,,,,1
paleto,paleto,nms    ,NC_O,hillbilly,1,,,,,,,,,,,,,1
paloma,paloma,nfs    ,NC_A,dove,1,,,,,,,,,,,,,1
palomo,palomo,nms    ,NC_O,dove,1,,,,,,,,,,,,,1
palta,palta,nms    ,NC_A,avacado (fruit),,,,,,,,,,,,,,1
palto,palto,nms    ,NC_O,avacado (tree),,,,,,,,,,,,,,1
panadera,panadera,nfs    ,NC_A,baker,1,,,,,,,,,,,,,1
panadero,panadero,nms    ,NC_O,baker,1,,,,,,,,,,,,,1
papa,papa,nms    ,NC_A,"pope, (LA) potato",,,,,,,,,,,,,,1
papita,papita,n,NC_A,little pop,,,1,,,,,,,,,,,1
papito,papito,n,NC_O,little dad,,,1,,,,,,,,,,,1
papo,papo,nms    ,NC_O,V,,,,,,,,,,,,,,1
para,para,n,NC_A,Prep/V,,,,,,,,,,,,,,1
parada,parada,nfs    ,NC_A,unemployed person,1,,,,,,,,,,,,,1
parado,parado,nms    ,NC_O,unemployed person,1,,,,,,,,,,,,,1
paria,paria,nms    ,NC_A,"pariah, outcast",1,,,,,,,,,,,,,1
pario,pario,n,NC_O,?,,,,,,,,,,,,,,1
paro,paro,n,NC_O,?,,,,,,,,,,,,,,1
partera,partera,n,NC_A,midwife,1,,,,,,,,,,,,,1
partero,partero,nms    ,NC_O,midwife,1,,,,,,,,,,,,,1
pasada,pasada,nfs    ,NC_A,"transit, moment, turn",,,1,,Adj/V,,,,,,,,,1
pasado,pasado,nms    ,NC_O,past,,,1,,Adj/V,,,,,,,,,1
pasajera,pasajera,nfs    ,NC_A,passenger,1,,,,,,,,,,,,,1
pasajero,pasajero,nms    ,NC_O,passenger,1,,,,,,,,,,,,,1
pasea,paseo,n,NC_O,V,,,,,,,,,,,,,,1
paseo,paseo,nms    ,NC_O,"walk, stroll, outing, promenade",,,,,V,,,,,,,,,1
pasiva,pasiva,nfs    ,NC_A,Adj,,,,,,,,,,,,,,1
pasivo,pasivo,nms    ,NC_O,"Debt, Bottom (slang)",,,,,,,,,,,,,,1
pata,pata,nms    ,NC_A,female duck,1,,,,,,,,,,,,,1
patita,patita,n,NC_A,little duck,1,,1,,,,,,,,,,,1
patito,patito,nms    ,NC_O,little duck,1,,1,,,,,,,,,,,1
pato,pato,nms    ,NC_O,male duck,1,,,,,,,,,,,,,1
patricia,patricio,np,NC_O,patrician,1,,,,,,,,,,,,,1
patricio,patricio,nms    ,NC_O,patrician,1,,,,,,,,,,,,,1
pava,pava,nfs    ,NC_A,"Turkey, hen, type of pot ",,,,,,,,,,,,,,1
pavo,pavo,nms    ,NC_O,"turkey, peacock",,,,,,,,,,,,,,1
pedagoga,pedagoga,nfs    ,NC_A,pedagogue ,1,,,,,,,,,,,,,1
pedagogo,pedagogo,nms    ,NC_O,pedagogue,1,,,,,,,,,,,,,1
peluquera,peluquero,n,NC_O,barber,1,,,,,,,,,,,,,1
peluquero,peluquero,nms    ,NC_O,barber,1,,,,,,,,,,,,,1
pena,pena,nfs    ,NC_A,"punishment, pain, trouble",,,,,V,,,,,,,,,1
penitenciaria,penitenciaria,nfs    ,NC_A,Adj,,,,,,,,,,,,,,1
penitenciario,penitenciario,nms    ,NC_O,Adj,,,,,,,,,,,,,,1
peno,peno,n,NC_O,V,,,,,,,,,,,,,,1
peregrina,peregrina,nfs    ,NC_A,"pilgrim, traveler",1,,,,,,,,,,,,,1
peregrino,peregrino,nms    ,NC_O,"pilgrim, traveler",1,,,,,,,,,,,,,1
periodista,periodista,nms    ,NC_A,journalist,1,,,,,,,,,,,,,1
periodisto,periodisto,n,NC_O,?,,,,,,,,,,,,,,1
permitia,permitia,n,NC_A,?,,,,,,,,,,,,,,1
permitio,permitio,n,NC_O,?,,,,,,,,,,,,,,1
perra,perra,nfs    ,NC_A,dog,1,1,,,,,,,,,,,,1
perro,perro,nms    ,NC_O,dog,1,,,,,,,,,,,,,1
pesa,pesa,nfs    ,NC_A,"weight, dumbbell",,,,,V,,,,,,,,,1
peso,peso,nms    ,NC_O,weight,,,,,,,,,,,,,,1
pesquera,pesquera,nfs    ,NC_A,Fish company,,,1,,Adj,,,,,,,,,1
pesquero,pesquero,nms    ,NC_O,Fishing Boat,,,1,,Adj,,,,,,,,,1
petarda,petarda,nfs    ,NC_A,boring person,1,,,,,,,,,,,,,1
petardo,petardo,nms    ,NC_O,boring person,1,,,,,,,,,,,,,1
peticionaria,peticionario,n,NC_O,petitioner,,,,,,,,,,,,,,1
peticionario,peticionario,nms    ,NC_O,petitioner,,,,,,,,,,,,,,1
pimienta,pimiento,n,NC_O,pepper,,,,,,,,,,,,,,1
pimiento,pimiento,n,NC_O,pepper,,,,,,,,,,,,,,1
pisca,pisco,n,NC_O,turkey,1,,,,,,,,,,,,,1
pisco,pisco,nms    ,NC_O,turkey,1,,,,,,,,,,,,,1
pista,pista,n,NC_A,"track, runway",,,,,,,,,,,,,,1
pisto,pisto,nms    ,NC_O,"(ES, GU, HO) money, (MX) hard liquor)",,,,,,,,,,,,,,1
pizca,pizca,nfs    ,NC_A,"a pinch, dash, little bit",,,,,V,,,,,,,,,1
pizco,pizco,nms    ,NC_O,a pinch,,,,,,,,,,,,,,1
plenaria,plenaria,n,NC_A,?,,,,,,,,,,,,,,1
plenario,plenario,n,NC_O,plenary session,,,,,,,,,,,,,,1
po,po,n,NC_O,?,,,,,,,,,,,,,,1
politica,politica,n,NC_A,politician,1,,,,,,,,,,,,,1
politico,politico,n,NC_O,politician,1,,,,,,,,,,,,,1
politiquera,politiquero,n,NC_O,political intruiguer,1,,,,,,,,,,,,,1
politiquero,politiquero,n,NC_O,political intruiguer,1,,,,,,,,,,,,,1
pollera,pollera,nfs    ,NC_A,chicken raiser,1,,,,,,,,,,,,,1
pollero,pollero,nms    ,NC_O,chicken raiser,1,,,,,,,,,,,,,1
polola,polola,n,NC_A,(CH) gf,1,,,,,,,,,,,,,1
pololo,pololo,nms    ,NC_O,(CH bf,1,,,,,,,,,,,,,1
portera,portera,nfs    ,NC_A,doorman,1,,,,,,,,,,,,,1
portero,portero,n,NC_O,doorman,1,,,,,,,,,,,,,1
portezuela,portezuela,nfs    ,NC_A,car door,,,,,,,,,,,,,,1
portezuelo,portezuelo,nms    ,NC_O,?,,,,,,,,,,,,,,1
posa,poso,n,NC_O,V,,,,,,,,,,,,,,1
poso,poso,nms    ,NC_O,sediments of a drink,,,,,,,,,,,,,,1
pota,pota,nfs    ,NC_A,cuttlefish,,,,,V,,,,,,,,,1
poto,poto,nms    ,NC_O,"(PU, CH) butt",,,1,,V,,,,,,,,,1
potra,potra,nfs    ,NC_A,mare,1,,,,,,,,,,,,,1
potro,potro,nms    ,NC_O,stallion,1,,,,,,,,,,,,,1
pr√°ctica,pr√°ctica,nfs    ,NC_A,Adj,,,,,,,,,,,,,,1
pr√°ctico,pr√°ctico,nms    ,NC_O,Adj,,,,,,,,,,,,,,1
prendia,prendia,n,NC_A,?,,,,,,,,,,,,,,1
prendio,prendio,n,NC_O,?,,,,,,,,,,,,,,1
prepaga,prepago,n,NC_O,Adj/V,,,,,,,,,,,,,,1
prepago,prepago,n,NC_O,Adj/V,,,,,,,,,,,,,,1
presa,presa,nfs    ,NC_A,"prisoner, resevoir, piece of meat, capture, prey",1,,,,,,,,,,,,,1
preso,preso,n,NC_O,prisoner,1,,,,,,,,,,,,,1
prima,prima,n,NC_A,cousin,1,,,,,,,,,,,,,1
primeriza,primeriza,nfs    ,NC_A,first-timer,1,,,,,,,,,,,,,1
primerizo,primerizo,nms    ,NC_O,first-timer,1,,,,,,,,,,,,,1
primo,primo,nms    ,NC_O,cousin,1,,,,,,,,,,,,,1
primog√©nita,primog√©nita,nfs    ,NC_A,firstborn,1,,,,,,,,,,,,,1
primog√©nito,primog√©nito,nms    ,NC_O,firstborn,1,,,,,,,,,,,,,1
prisionera,prisionero,n,NC_O,prisoner,,,,,,,,,,,,,,1
prisionero,prisionero,n,NC_O,prisoner,,,,,,,,,,,,,,1
privada,privada,nfs    ,NC_A,Adj,,,,,,,,,,,,,,1
privado,privado,nms    ,NC_O,adj,,,,,,,,,,,,,,1
promedia,promedio,n,NC_O,V,,,,,,,,,,,,,,1
promedio,promedio,n,NC_O,Average,,,,,V,,,,,,,,,1
propietaria,propietaria,n,NC_A,proprietor,1,,,,,,,,,,,,,1
propietario,propietario,nms    ,NC_O,proprietor,1,,,,,,,,,,,,,1
prota,prota,n,NC_A,star of a show,1,,,,,,,,,,,,,1
protesta,protesta,nfs    ,NC_A,protest,1,,,,V,,,,,,,,,1
protesto,protesto,nms    ,NC_O,protest,,,,,,,,,,,,,,1
proto,proto,n,NC_O,?,,,,,,,,,,,,,,1
psic√≥loga,psic√≥logo,n,NC_O,psychologist,,,,,,,,,,,,,,1
psic√≥logo,psic√≥logo,nms    ,NC_O,psychologist,,,,,,,,,,,,,,1
psicologa,psic√≥logo,n,NC_O,psychologist,,,,,,,,,,,,,,1
psicologo,psic√≥logo,n,NC_O,psychologist,,,,,,,,,,,,,,1
puerca,puerca,nfs    ,NC_A,sow,,,,,,,,,,,,,,1
puerco,puerco,nms    ,NC_O,pig,,,,,,,,,,,,,,1
puna,puna,nfs    ,NC_A,altitude sickness (LA),,,,,V,,,,,,,,,1
puno,pu√±o,n,NC_O,?,,,,,V,,,,,,,,,1
punta,punta,nfs    ,NC_A,"tip, point, end, a pinch/little bit",,,,,V,,,,,,,,,1
puntita,puntita,n,NC_A,little punta,,,,,,,,,,,,,,1
puntito,puntito,n,NC_O,little punto,,,,,,,,,,,,,,1
punto,punto,n,NC_O,point,,,,,,,,,,,,,,1
puta,puta,nfs    ,NC_A,whore,,1,,,,,,,,,,,,1
puto,puto,nms    ,NC_O,?,,1,,,,,,,,,,,,1
qu√≠mica,qu√≠mica,nfs    ,NC_A,chemist,1,,,,,,,,,,,,,1
qu√≠mico,qu√≠mico,nms    ,NC_O,chemist,1,,,,,,,,,,,,,1
qua,qua,n,NC_A,?,,,,,,,,,,,,,,1
quimica,qu√≠mica,n,NC_A,"chemic, Chemistry",1,,,,,,,,,,,,,1
quimico,qu√≠mico,n,NC_O,chemic,1,,,,,,,,,,,,,1
quiropr√°ctica,quiropr√°ctica,nfs    ,NC_A,chiropractor,1,,,,,,,,,,,,,1
quiropr√°ctico,quiropr√°ctico,nms    ,NC_O,chiropractor,1,,,,,,,,,,,,,1
quo,quo,n,NC_O,?,,,,,,,,,,,,,,1
rada,rada,nfs    ,NC_A,"bay, creek, cove",,,,,,,,,,,,,,1
rado,rado,n,NC_O,?,,,,,,,,,,,,,,1
ranchera,ranchera,nfs    ,NC_A,rancher,1,,,,,,,,,,,,,1
ranchero,ranchero,nms    ,NC_O,rancher,1,,,,,,,,,,,,,1
raspada,raspada,nfs    ,NC_A,V,,,,,,,,,,,,,,1
raspado,raspado,nms    ,NC_O,scraping,,,,,,,,,,,,,,1
rata,rata,nms    ,NC_A,rat,1,,,,,,,,,,,,,1
rato,rato,nms    ,NC_O,rat,1,,,,,,,,,,,,,1
rayita,rayita,n,NC_A,little ray,,,,,,,,,,,,,,1
rayito,rayito,n,NC_O,little ray,,,,,,,,,,,,,,1
rea,reo,n,NC_O,defendant,1,,,,,,,,,,,,,1
reata,reata,nfs    ,NC_A,"rope, lasso, single file ",,,,,V,,,,,,,,,1
reato,reato,n,NC_O,?,,,,,V,,,,,,,,,1
reconocia,reconocia,n,NC_A,?,,,,,,,,,,,,,,1
reconocio,reconocio,n,NC_O,?,,,,,,,,,,,,,,1
recordatoria,recordatorio,n,NC_O,Adj,,,,,,,,,,,,,,1
recordatorio,recordatorio,nms    ,NC_O,"reminder, souvenir",,,,,,,,,,,,,,1
recrea,recreo,n,NC_O,V,,,,,,,,,,,,,,1
recreo,recreo,nms    ,NC_O,recreation,,,,,,,,,,,,,,1
refrenda,refrenda,n,NC_A,?,,,,,,,,,,,,,,1
refrendo,refrendo,nms    ,NC_O,endorsement,,,,,,,,,,,,,,1
regala,regala,nfs    ,NC_A,V,,,,,,,,,,,,,,1
regalo,regalo,nms    ,NC_O,"present, gift",,,,,,,,,,,,,,1
reina,reina,nfs    ,NC_A,queen,,,,,,,,,,,,,,1
reino,reino,nms    ,NC_O,king,,,,,,,,,,,,,,1
rellena,rellena,nfs    ,NC_A,Adj/V,,,,,,,,,,,,,,1
relleno,relleno,nms    ,NC_O,Adj/V,,,,,,,,,,,,,,1
remera,remera,nfs    ,NC_A,oarsman,1,,,,,,,,,,,,,1
remero,remero,nms    ,NC_O,"rower, oarsman",1,,,,,,,,,,,,,1
reo,reo,nms    ,NC_O,defendant,1,,,,,,,,,,,,,1
reportera,reportera,n,NC_A,reporter,1,,,,,,,,,,,,,1
reportero,reportero,nms    ,NC_O,reporter,1,,,,,,,,,,,,,1
repostera,repostero,n,NC_O,pastry chef,1,,,,,,,,,,,,,1
repostero,repostero,nms    ,NC_O,pastry chef,1,,,,,,,,,,,,,1
respondia,respondia,n,NC_A,?,,,,,,,,,,,,,,1
respondio,respondio,n,NC_O,?,,,,,,,,,,,,,,1
ret√≥rica,ret√≥rica,nfs    ,NC_A,rhetoric,,,,,Adj,,,,,,,,,1
ret√≥rico,ret√≥rico,nms    ,NC_O,Adj,,,,,,,,,,,,,,1
retrata,retrata,n,NC_A,V,,,,,,,,,,,,,,1
retrato,retrato,nms    ,NC_O,portrait,,,,,,,,,,,,,,1
rima,rima,nfs    ,NC_A,"rhyme, heap, pile",,,,,,,,,,,,,,1
rimo,rimo,n,NC_O,V,,,,,,,,,,,,,,1
ritualistica,ritualistica,n,NC_A,?,,,,,,,,,,,,,,1
ritualistico,ritualistico,n,NC_O,?,,,,,,,,,,,,,,1
roberta,roberta,n,NC_A,?,,,,,,,,,,,,,,1
roberto,roberto,np,NC_O,?,,,,,,,,,,,,,,1
rocaza,rocaza,n,NC_A,?,,,,,,,,,,,,,,1
rocazo,rocazo,n,NC_O,?,,,,,,,,,,,,,,1
rodea,rodea,n,NC_A,?,,,,,,,,,,,,,,1
rodeo,rodeo,nms    ,NC_O,detour,,,,,,,,,,,,,,1
romana,romana,nfs    ,NC_A,roman,1,,,,,,,,,,,,,1
romano,romano,nms    ,NC_O,roman,1,,,,,,,,,,,,,1
rosada,rosada,nfs    ,NC_A,adj,,,,,,,,,,,,,,1
rosado,rosado,nms    ,NC_O,adj,,,,,,,,,,,,,,1
rota,rota,nfs    ,NC_A,?,,,,,,,,,,,,,,1
rotativa,rotativa,nfs    ,NC_A,Adj,,,,,,,,,,,,,,1
rotativo,rotativo,nms    ,NC_O,newspaper,,,,,,,,,,,,,,1
roto,roto,nms    ,NC_O,broken thing or person,,,,,,,,,,,,,,1
roya,roya,nfs    ,NC_A,plant rust,,,,,V,,,,,,,,,1
royo,royo,n,NC_O,V,,,,,,,,,,,,,,1
rubia,rubia,nfs    ,NC_A,blond,1,,,,,,,,,,,,,1
rubio,rubio,nms    ,NC_O,blond,1,,,,,,,,,,,,,1
s√≠ndica,s√≠ndico,n,NC_O,receiver,,,,,,,,,,,,,,1
s√≠ndico,s√≠ndico,nms    ,NC_O,receiver,,,,,,,,,,,,,,1
saca,saca,nfs    ,NC_A,?,,,,,,,,,,,,,,1
saco,saco,nms    ,NC_O,"bag, sack",,,,,,,,,,,,,,1
saluda,saluda,nms    ,NC_A,?,,,,,,,,,,,,,,1
saludo,saludo,nms    ,NC_O,greeting,,,,,,,,,,,,,,1
salvada,salvada,n,NC_A,?,,,,,,,,,,,,,,1
salvado,salvado,nms    ,NC_O,bran,,,,,,,,,,,,,,1
samaritana,samaritano,n,NC_O,Samitarin,1,,,,,,,,,,,,,1
samaritano,samaritano,nms    ,NC_O,samitarin,1,,,,,,,,,,,,,1
santa,santa,n,NC_A,saint,1,,,,,,,,,,,,,1
santera,santero,n,NC_O,saint devotee,1,,,,,,,,,,,,,1
santero,santero,nms    ,NC_O,saint devotee,1,,,,,,,,,,,,,1
santo,santo,nms    ,NC_O,saint,1,,,,,,,,,,,,,1
sapa,sapa,nfs    ,NC_A,toad,1,,,,,,,,,,,,,1
sapo,sapo,nms    ,NC_O,toad,1,,,,,,,,,,,,,1
saya,saya,nfs    ,NC_A,skirt (CU),,,,,,,,,,,,,,1
sayo,sayo,nms    ,NC_O,smock,,,,,,,,,,,,,,1
se√±or√≠a,se√±or√≠a,nfs    ,NC_A,"dominion, authority, gentleman, worshiper",,,,,,,,,,,,,,1
se√±or√≠o,se√±or√≠o,nms    ,NC_O,"feudal estate, dominion",,,,,,,,,,,,,,1
se√±orita,se√±orita,nfs    ,NC_A,Miss,1,,,,,,,,,,,,,1
se√±orito,se√±orito,nms    ,NC_O,mister,1,,,,,,,,,,,,,1
segura,segura,n,NC_A,Adj,,,,,,,,,,,,,,1
seguro,seguro,nms    ,NC_O,Adj,,,,,,,,,,,,,,1
sembrada,sembrada,nfs    ,NC_A,sown lawn,,,,,,,,,,,,,,1
sembrado,sembrado,nms    ,NC_O,?,,,,,,,,,,,,,,1
sensuntepecana,sensuntepecana,nfs    ,NC_A,?,,,,,,,,,,,,,,1
sensuntepecano,sensuntepecano,nms    ,NC_O,?,,,,,,,,,,,,,,1
sentra,sentra,n,NC_A,?,,,,,,,,,,,,,,1
sentro,sentro,n,NC_O,?,,,,,,,,,,,,,,1
serena,serena,nfs    ,NC_A,?,,,,,,,,,,,,,,1
sereno,sereno,nms    ,NC_O,cold humidity,,,,,,,,,,,,,,1
sevicia,sevicia,nfs    ,NC_A,brutality,,,,,,,,,,,,,,1
sevicio,sevicio,n,NC_O,?,,,,,,,,,,,,,,1
sex√≥loga,sex√≥logo,nfs    ,NC_O,sexologist,1,,,,,,,,,,,,,1
sex√≥logo,sex√≥logo,nms    ,NC_O,sexologist,1,,,,,,,,,,,,,1
sierva,sierva,n,NC_A,maid,,,,,,,,,,,,,,1
siervo,siervo,nms    ,NC_O,maid,,,,,,,,,,,,,,1
ska,ska,n,NC_A,ska,,,,,,,,,,,,,,1
sko,sko,n,NC_O,?,,,,,,,,,,,,,,1
sobrinita,sobrinita,n,NC_A,little cousin,1,,,,,,,,,,,,,1
sobrinito,sobrinito,n,NC_O,little cousin,1,,,,,,,,,,,,,1
soltera,soltera,n,NC_A,single person,1,,,,,,,,,,,,,1
soltero,soltero,nms    ,NC_O,single person,1,,,,,,,,,,,,,1
sotana,sotana,nfs    ,NC_A,"cassock (litergical clothing), beating",,,,,,,,,,,,,,1
sotano,s√≥tano,n,NC_O,basement,,,,,,,,,,,,,,1
sra,sra,n,NC_A,?,,,,,,,,,,,,,,1
sro,sro,n,NC_O,?,,,,,,,,,,,,,,1
sta,sta,n,NC_A,?,,,,,,,,,,,,,,1
sto,sto,n,NC_O,?,,,,,,,,,,,,,,1
subsecretaria,subsecretaria,n,NC_A,undersecretary,,,,,,,,,,,,,,1
subsecretario,subsecretario,nms    ,NC_O,undersecretary,,,,,,,,,,,,,,1
sue√±a,sue√±o,n,NC_O,V,,,,,,,,,,,,,,1
sue√±o,sue√±o,n,NC_O,dream,,,,,,,,,,,,,,1
suegra,suegra,n,NC_A,mother in law,,,,,,,,,,,,,,1
suegro,suegro,nms    ,NC_O,father in law,,,,,,,,,,,,,,1
sumatoria,sumatoria,n,NC_A,summation,,,1,,,,,,,,,,,1
sumatorio,sumatorio,n,NC_O,summation,,,,,,,,,,,,,,1
sustituta,sustituto,n,NC_O,substitute,1,,,,,,,,,,,,,1
sustituto,sustituto,nms    ,NC_O,substitute,1,,,,,,,,,,,,,1
t√°ctica,t√°ctica,nfs    ,NC_A,tactic,,,,,"Adj, ",,,,,,,,,1
t√°ctico,t√°ctico,nms    ,NC_O,Adj,,,,,,,,,,,,,,1
t√©cnica,t√©cnica,nfs    ,NC_A,technician,,,,,,,,,,,,,,1
t√©cnico,t√©cnico,nms    ,NC_O,technician,,,,,,,,,,,,,,1
t√©rmica,t√©rmica,n,NC_A,Thermal,,,,,,,,,,,,,,1
t√©rmico,t√©rmico,n,NC_O,Adj,,,,,,,,,,,,,,1
t√≠a,t√≠a,n,NC_A,aunt,1,,,,,,,,,,,,,1
t√≠o,t√≠o,nms    ,NC_O,uncle,1,,,,,,,,,,,,,1
t√≥nica,t√≥nica,nfs    ,NC_A,tonic,,,,,,,,,,,,,,1
t√≥nico,t√≥nico,nms    ,NC_O,adj,,,,,,,,,,,,,,1
talo,talo,n,NC_O,"stem, shaft, ",,,,1,V,,,,,,,,,1
tapada,tapada,nfs    ,NC_A,(COL) cover,,,1,,,,,,,,,,,1
tapado,tapado,nms    ,NC_O,(AG) dark horse,,,1,,,,,,,,,,,1
tatarabuela,tatarabuela,nfs    ,NC_A,great-great-grandmother,1,,,,,,,,,,,,,1
tatarabuelo,tatarabuelo,nms    ,NC_O,great-great-grandfather,1,,,,,,,,,,,,,1
te√±ida,te√±ido,n,NC_O,?,,,,,,,,,,,,,,1
te√±ido,te√±ido,nms    ,NC_O,?,,,,,,,,,,,,,,1
tejida,tejido,n,NC_O,?,,,,,,,,,,,,,,1
tejido,tejido,n,NC_O,fabric,,,,,V,,,,,,,,,1
tercia,tercia,nfs    ,NC_A,Adj,,,,,,,,,,,,,,1
tercio,tercio,n,NC_O,one third,,,,,,,,,,,,,,1
terna,terna,nfs    ,NC_A,set of three,,,,,,,,,,,,,,1
ternera,ternera,nfs    ,NC_A,"calf, veal, beef",1,,,,,,,,,,,,,1
ternero,ternero,nms    ,NC_O,calf,1,,,,,,,,,,,,,1
terno,terno,nms    ,NC_O,trio,,,,,,,,,,,,,,1
tesorera,tesorero,n,NC_O,treasurer,1,,,,,,,,,,,,,1
tesorero,tesorero,nms    ,NC_O,treasurer,1,,,,,,,,,,,,,1
tia,tia,n,NC_A,aunt,1,,,,,,,,,,,,,1
tibia,tibia,nfs    ,NC_A,"tibia, shinbone",,,,,,,,,,,,,,1
tibio,tibio,n,NC_O,?,,,,,,,,,,,,,,1
tica,tico,n,NC_O,costa rican,1,,,,,,,,,,,,,1
tico,tico,n,NC_O,costa rican,1,,,,,,,,,,,,,1
tigra,tigra,nfs    ,NC_A,?,,,,,,,,,,,,,,1
tigro,tigro,n,NC_O,?,,,,,,,,,,,,,,1
tila,tila,nfs    ,NC_A,linden flower/tree,,,,,,,,,,,,,,1
tilo,tilo,nms    ,NC_O,linden wood,,,,,,,,,,,,,,1
tio,tio,n,NC_O,uncle,1,,,,,,,,,,,,,1
tipa,tipa,nfs    ,NC_A,person,1,,,,,,,,,,,,,1
tipo,tipo,nms    ,NC_O,person,1,,,,,,,,,,,,,1
tita,tita,nfs    ,NC_A,"theta, grandma (MX)",,,,,,,,,,,,,,1
tito,tito,nms    ,NC_O,grandpa (MX),,,,,,,,,,,,,,1
tolda,tolda,n,NC_A,V,,,,,,,,,,,,,,1
toldo,toldo,nms    ,NC_O,awning,,,,,V,,,,,,,,,1
torera,torera,nfs    ,NC_A,bullfighter,,,,,,,,,,,,,,1
torero,torero,nms    ,NC_O,bullfighter,,,,,,,,,,,,,,1
toscana,toscana,nfs    ,NC_A,Tuscan,1,,,,,,,,,,,,,1
toscano,toscano,nms    ,NC_O,tuscan,1,,,,,,,,,,,,,1
tota,tota,n,NC_A,genitalia,,,,,,,,,,,,,,1
totita,totita,n,NC_A,?,,,,,,,,,,,,,,1
totito,totito,n,NC_O,?,,,,,,,,,,,,,,1
toto,toto,n,NC_O,?,,,,,,,,,,,,,,1
tra√≠da,tra√≠da,nfs    ,NC_A,bringing,,,,,V,,,,,,,,,1
tra√≠do,tra√≠do,n,NC_O,Adj/V,,,,,,,,,,,,,,1
trasera,trasera,nfs    ,NC_A,?,,,,,,,,,,,,,,1
trasero,trasero,nms    ,NC_O,butt,,,,,,,,,,,,,,1
traslada,traslado,n,NC_O,V,,,,,,,,,,,,,,1
traslado,traslado,nms    ,NC_O,"move, removal, transfer, copy",,,,,V,,,,,,,,,1
traumat√≥loga,traumat√≥logo,nfs    ,NC_O,traumatologist,1,,,,,,,,,,,,,1
traumat√≥logo,traumat√≥logo,nms    ,NC_O,traumatologist,1,,,,,,,,,,,,,1
trazada,trazado,n,NC_O,V,,,,,,,,,,,,,,1
trazado,trazado,n,NC_O,tracing,,,,,,,,,,,,,,1
tribuna,tribuna,nfs    ,NC_A,"gallery, tribune, oratory",,,,,,,,,,,,,,1
tribuno,tribuno,nms    ,NC_O,tribune,,,,,,,,,,,,,,1
tunera,tunera,nfs    ,NC_A,someone from las tunas,1,,,,,,,,,,,,,1
tunero,tunero,n,NC_O,someone from las tunas,1,,,,,,,,,,,,,1
unica,unica,n,NC_A,?,,,,,,,,,,,,,,1
unico,unico,n,NC_O,?,,,,,,,,,,,,,,1
urinaria,urinaria,n,NC_A,adj,,,,,,,,,,,,,,1
urinario,urinario,nms    ,NC_O,urinal,,,,,,,,,,,,,,1
usa,usa,n,NC_A,?,,,,,,,,,,,,,,1
uso,uso,nms    ,NC_O,use,,,,,,,,,,,,,,1
usurera,usurero,n,NC_O,user,1,,,,,,,,,,,,,1
usurero,usurero,nms    ,NC_O,user,1,,,,,,,,,,,,,1
valenciana,valenciana,nfs    ,NC_A,valencian,1,,,,,,,,,,,,,1
valenciano,valenciano,nms    ,NC_O,valencian,1,,,,,,,,,,,,,1
vampira,vampiro,n,NC_O,vampire,1,,,,,,,,,,,,,1
vampiro,vampiro,nms    ,NC_O,vampire,1,,,,,,,,,,,,,1
vecina,vecina,n,NC_A,neighbor,1,,,,,,,,,,,,,1
vecino,vecino,nms    ,NC_O,neighbor,1,,,,,,,,,,,,,1
venta,venta,nfs    ,NC_A,sale,,,,,,,,,,,,,,1
vento,viento,n,NC_O,?,,,,,,,,,,,,,,1
verga,verga,nfs    ,NC_A,"pole, rod, (LA) penis",,1,,,,,,,,,,,,1
vergo,vergo,n,NC_O,?,,,,,,,,,,,,,,1
veterinaria,veterinaria,nfs    ,NC_A,vet,1,,,,,,,,,,,,,1
veterinario,veterinario,nms    ,NC_O,vet,1,,,,,,,,,,,,,1
vicaria,vicario,n,NC_O,vicar,1,,,,,,,,,,,,,1
vicario,vicario,nms    ,NC_O,vicar,1,,,,,,,,,,,,,1
viceministra,viceministra,n,NC_A,viceminister,1,,,,,,,,,,,,,1
viceministro,viceministro,nms    ,NC_O,viceminister,1,,,,,,,,,,,,,1
vicesecretaria,vicesecretaria,nfs    ,NC_A,vicesecretary ,1,,,,,,,,,,,,,1
vicesecretario,vicesecretario,n,NC_O,vicesecretary ,1,,,,,,,,,,,,,1
vieja,vieja,nfs    ,NC_A,old person,1,,,,,,,,,,,,,1
viejita,viejita,n,NC_A,little old person,1,,,,,,,,,,,,,1
viejito,viejito,n,NC_O,little old person,1,,,,,,,,,,,,,1
viejo,viejo,nms    ,NC_O,old person,1,,,,,,,,,,,,,1
virtuosa,virtuosa,nfs    ,NC_A,virtuous person,1,,,,,,,,,,,,,1
virtuoso,virtuoso,nms    ,NC_O,virtuous person,1,,,,,,,,,,,,,1
viuda,viuda,nfs    ,NC_A,widow,1,,,,,,,,,,,,,1
viudo,viudo,nms    ,NC_O,widow,1,,,,,,,,,,,,,1
voluntaria,voluntaria,n,NC_A,volunteer,1,,,,,,,,,,,,,1
voluntario,voluntario,nms    ,NC_O,volunteer,1,,,,,,,,,,,,,1
vuelta,vuelta,nfs    ,NC_A,"turn, return ,walk, change of money",,,,,,,,,,,,,,1
vuelto,vuelto,nms    ,NC_O,change of money,,,,,,,,,,,,,,1
xa,xa,n,NC_A,?,,,,,,,,,,,,,,1
xo,xo,n,NC_O,?,,,,,,,,,,,,,,1
zafira,zafira,nfs    ,NC_A,?,,,,,,,,,,,,,,1
zafiro,zafiro,nms    ,NC_O,sapphire,,,,,,,,,,,,,,1
zamba,zamba,nfs    ,NC_A,racist term for native americans,1,,,,,,,,,,,,,1
zambo,zambo,nms    ,NC_O,racist term for native americans,1,,,,,,,,,,,,,1
zorra,zorra,nfs    ,NC_A,fox,1,,,,,,,,,,,,,1
zorro,zorro,nms    ,NC_O,fox,1,,,,,,,,,,,,,1