word,wordID_set,lemma,POS,Inflection_Class,Meaning,Animacy,Innapropriate?,Derivational Morpheme?,Potential,
/a,{166975},/a,n,NC_A,,,,,,
/esa,{1793999},/esa,n,NC_A,,,,,,
/eso,{1794000},/eso,n,NC_O,,,,,,
/fota,{3142514},/fota,n,NC_A,,,,,,
/foto,{157799},/foto,n,NC_O,,,,,,
/la,"{1466261, 161718}",/la,n,NC_A,,,,,,
/lo,{1261312},/lo,n,NC_O,,,,,,
/media,{3142969},/media,n,NC_A,,,,,,
/medio,{3142995},/medio,n,NC_O,,,,,,
/ni√±a,{3143098},/ni√±a,n,NC_A,,,,,,
/ni√±o,{3143099},/ni√±o,n,NC_O,,,,,,
/o,{76914},/o,n,NC_O,,,,,,
/ta,{3143601},/ta,n,NC_A,,,,,,
/to,{3143668},/to,n,NC_O,,,,,,
/usa,{1605950},/usa,n,NC_A,,,,,,
/uso,{3143724},/uso,n,NC_O,,,,,,
==ya,{3458722},==ya,n,NC_A,,,,,,
==yo,{2466657},==yo,n,NC_O,,,,,,
>la,{625424},>la,n,NC_A,,,,,,
>lo,"{3459545, 2466851}",>lo,n,NC_O,,,,,,
@hija,{2464231},@hija,n,NC_A,,,,,,
@hijo,{2464232},@hijo,n,NC_O,,,,,,
@patricia,{2464907},@patricia,n,NC_A,,,,,,
@patricio,{2464910},@patricio,n,NC_O,,,,,,
@paula,{2464920},@paula,n,NC_A,,,,,,
@paulo,{3453329},@paulo,n,NC_O,,,,,,
@rita,{3453773},@rita,n,NC_A,,,,,,
@rito,{3453775},@rito,n,NC_O,,,,,,
@rogelia,{3453823},@rogelia,n,NC_A,,,,,,
@rogelio,{3453825},@rogelio,n,NC_O,,,,,,
@sa,{3453903},@sa,n,NC_A,,,,,,
@so,{3454136},@so,n,NC_O,,,,,,
@thelma,{3454363},@thelma,n,NC_A,,,,,,
@thelmo,{3454364},@thelmo,n,NC_O,,,,,,
@tita,{3454408},@tita,n,NC_A,,,,,,
@tito,{3454410},@tito,n,NC_O,,,,,,
@una,"{3454563, 3454564}",@una,n,NC_A,,,,,,
@uno,{3454581},@uno,n,NC_O,,,,,,
^^la,{3454970},^^la,n,NC_A,,,,,,
^^lo,{3454971},^^lo,n,NC_O,,,,,,
^a,{3455010},^a,n,NC_A,,,,,,
^o,{1120597},^o,n,NC_O,,,,,,
___esta,{3455210},___esta,n,NC_A,,,,,,
___esto,{3455211},___esto,n,NC_O,,,,,,
_otra,{3455622},_otra,n,NC_A,,,,,,
_otro,{3455624},_otro,n,NC_O,,,,,,
_primera,{2465687},_primera,n,NC_A,,,,,,
_primero,{3455653},_primero,n,NC_O,,,,,,
aa,"{625480, 116677}",aa,n,NC_A,,,,,,
abogada,"{70487, 11959}",abogada,n,NC_A,lawyer,1,,,,
abogado,"{216900, 193454, 188752, 22422, 38622}",abogado,n,NC_O,lawyer,1,,,,
abuelita,"{20721, 151651}",abuelita,n,NC_A,grandmother,1,,1,,
abuelito,"{49498, 285355}",abuelito,n,NC_O,grandfather,1,,1,,
accesoria,{182120},accesoria,nfs    ,NC_A,accessory,,,,,
accesorio,{21773},accesorio,nms    ,NC_O,accessory,,,,,
acta,"{42082, 62470}",acta,nfs    ,NC_A,"certificate, minutes/record, election results",,,,1,
acto,"{31076, 31012, 30343, 215443, 78227}",acto,n,NC_O,act,,,,1,
actuaria,{400072},actuaria,n,NC_A,Actuary (maker of insurance calculations),1,,,,
actuario,{140501},actuario,nms    ,NC_O,Actuary (maker of insurance calculations),1,,,,
adivina,"{83106, 145358}",adivina,nfs    ,NC_A,fortune-teller,1,,,,
adivino,"{150750, 45702}",adivino,nms    ,NC_O,fortune-teller,1,,,,
adjunta,{183977},adjunta,nfs    ,NC_A,assistant,1,,,,
adjunto,{62704},adjunto,nms    ,NC_O,assistant,1,,,,
adoquinada,{214748},adoquinado,n,NC_O,pavement,,,,?,
adoquinado,{164526},adoquinado,nms    ,NC_O,pavement,,,,?,
adversaria,{190799},adversaria,nfs    ,NC_A,adversary,1,,,,
adversario,"{12597, 220454}",adversario,nms    ,NC_O,adversary,1,,,,
ad√∫ltera,{107706},ad√∫ltera,nfs    ,NC_A,adulterer,1,,,,
ad√∫ltero,{130313},ad√∫ltero,nms    ,NC_O,adulterer,1,,,,
aficionada,"{56820, 121413}",aficionado,n,NC_O,supporter,1,,,,
aficionado,"{15089, 63471, 111046, 29303}",aficionado,nms    ,NC_O,supporter,1,,,,
aga,{84410},aga,n,NC_A,agha (honorific for Ottoman officials,,,,,
ago,{26713},ago,n,NC_O,?,,,,,
agregada,{47492},agregado,n,NC_O,attaché,1,,,,
agregado,"{24112, 13066, 61316}",agregado,nms    ,NC_O,attaché,1,,,,
ahijada,{108527},ahijada,nfs    ,NC_A,godchild,1,,,,
ahijado,"{81857, 285399}",ahijado,nms    ,NC_O,godchild,1,,,,
ala,"{63219, 107935}",ala,nfs    ,NC_A,wing,,,,,
alba,"{51845, 30248, 81803, 66487, 78712, 48665, 25374}",alba,nfs    ,NC_A,dawn,,,,,
albo,"{140112, 178005, 153077, 219037}",albo,n,NC_O,white (adj),,,,,
alegra,{123975},alegra,nfs    ,NC_A,?,,,,,
alegro,{193474},alegro,n,NC_O,?,,,,,
alejandrina,{143091},alejandrino,n,NC_O,Alexandrian,1,,,,
alejandrino,{216190},alejandrino,n,NC_O,Alexandrian,1,,,,
algarroba,{935202},algarroba,nfs    ,NC_A,carob (fruit),,,,,
algarrobo,{159112},algarrobo,nms    ,NC_O,carob (tree),,,,,
alienta,"{63075, 189268}",aliento,n,NC_O,?,,,,,
aliento,{135260},aliento,nms    ,NC_O,breath,,,,,
almendra,"{163118, 47495}",almendra,nfs    ,NC_A,almond,,,,,
almendro,{84285},almendro,nms    ,NC_O,almond tree,,,,,
alo,{82146},alo,n,NC_O,?,,,,,
alojada,{220475},alojado,n,NC_O,guest,1,,,,
alojado,{122648},alojado,n,NC_O,guest,1,,,,
alta,{65565},alta,nfs    ,NC_A,certificate of discharge/ entry into profession / tax declaration,,,,1,
alto,"{5530, 50189, 76223}",alto,nms    ,NC_O,height,,,,1,
alumna,"{189764, 20839}",alumna,n,NC_A,alumn,1,,,,
alumno,"{91416, 218338}",alumno,nms    ,NC_O,alumn,1,,,,
alzada,"{67171, 210604}",alzada,nfs    ,NC_A,height/elevation,,,,,
alzado,{132965},alzado,nms    ,NC_O,elevation,,1,,,
ama,{88801},ama,nfs    ,NC_A,proprietress,1,,,,
amada,"{15297, 134411}",amada,n,NC_A,?,,,,,
amado,"{11705, 57375}",amado,nms    ,NC_O,?,,,,,
americana,"{30728, 91040}",americana,nfs    ,NC_A,American,1,,,,
americano,{20443},americano,nms    ,NC_O,American,1,,,,
amiga,"{192336, 56305, 20330, 171133}",amigo,n,NC_O,friend,1,,,,
amigo,"{12481, 285436, 76124, 48622}",amigo,n,NC_O,friend,1,,,,
amiguita,{67327},amiguita,n,NC_A,friend,1,,1,,
amiguito,"{126218, 67094}",amiguito,n,NC_O,friend,1,,1,,
amina,{111174},amina,nfs    ,NC_A,amine,,,,,
amino,{92208},amino,nms    ,NC_O,amino,,,,,
amo,"{27082, 87411, 5852}",amo,nms    ,NC_O,proprieter,1,,,,
ana,"{30329, 2494245, 157814}",ana,nfs    ,NC_A,?,,,,,
anciana,{21725},anciana,n,NC_A,ancient person,1,,,,
anciano,"{10089, 121421}",anciano,nms    ,NC_O,ancient person,1,,,,
anilla,{122353},anilla,nfs    ,NC_A,ring,,,,,
anillo,"{290008, 70489, 110692}",anillo,nms    ,NC_O,ring,,,,,
ano,"{12401, 183041}",ano,nms    ,NC_O,anus,,1,,,
antrop√≥loga,"{192926, 50238}",antrop√≥logo,nfs    ,NC_O,antrholopogist,1,,,,
antrop√≥logo,"{24546, 185869}",antrop√≥logo,nms    ,NC_O,antrholopogist,1,,,,
ao,"{77353, 123980}",ao,n,NC_O,,,,,,
apelativa,{270265},apelativo,n,NC_O,?,,,,,
apelativo,"{42376, 127709}",apelativo,nms    ,NC_O,epithet/surname,,,,,
apoderada,{201508},apoderado,n,NC_O,guardian,1,,,,
apoderado,"{29546, 181677, 300391}",apoderado,nms    ,NC_O,guardian,1,,,,
aprovechada,{189280},aprovechada,nfs    ,NC_A,freeloader,1,,,,
aprovechado,{116567},aprovechado,nms    ,NC_O,freeloader,1,,,,
ara,{55945},ara,nms    ,NC_A,altar,,,,1,beware of verb
arenera,{143806},arenero,n,NC_O,sand vendor/ litter box/sandbox,,,,,
arenero,{390254},arenero,n,NC_O,sand vendor,,,,,
arm√≥nica,{65598},arm√≥nica,nfs    ,NC_A,Armenian,1,,,,
arm√≥nico,{115370},arm√≥nico,nms    ,NC_O,Armenian,1,,,,
aro,{25763},aro,nms    ,NC_O,hoop/ring,,,,1,beware of verb
arque√≥loga,{83061},arque√≥logo,nfs    ,NC_O,Archeologist,1,,,,
arque√≥logo,"{1360536, 29663}",arque√≥logo,nms    ,NC_O,Archeologist,1,,,,
arquitecta,{82095},arquitecto,n,NC_O,Architect,1,,,,
arquitecto,{46574},arquitecto,nms    ,NC_O,Architect,1,,,,
arrendataria,{214781},arrendatario,n,NC_O,Tenant,1,,,,
arrendatario,{35205},arrendatario,nms    ,NC_O,Tenant,1,,,,
astrof√≠sica,{118858},astrof√≠sica,nfs    ,NC_A,Astrophysicist,1,,,,
astrof√≠sico,"{131122, 105587}",astrof√≠sico,nms    ,NC_O,Astrophysicist,1,,,,
astr√≥loga,"{1816412, 225109}",astr√≥logo,nfs    ,NC_O,Astrologist,1,,,,
astr√≥logo,"{75581, 223559}",astr√≥logo,nms    ,NC_O,Astrologist,1,,,,
auditiva,{175510},auditiva,n,NC_A,receiver,1,,,,
auditivo,{157118},auditivo,nms    ,NC_O,receiver,1,,,,
autobomba,{219076},autobomba,nms    ,NC_A,fire engine,,,,1,
autobombo,{86925},autobombo,nms    ,NC_O,self-glorification,,,,1,Only in Spain?
aut√≥grafa,{178914},aut√≥grafo,n,NC_O,?,,,,,
aut√≥grafo,{58569},aut√≥grafo,nms    ,NC_O,autograph,,,,,
aventurera,"{189296, 145905}",aventurera,nfs    ,NC_A,adventurer,1,,,,
aventurero,{39933},aventurero,nms    ,NC_O,adventurer,1,,,,
azucarera,"{2087115, 164910}",azucarera,nfs    ,NC_A,sugar bowl,,,,,
azucarero,{175917},azucarero,nms    ,NC_O,sugar bowl,,,,,
ba,"{224360, 65371, 64165}",ba,n,NC_A,?,,,,,
banana,{151074},banana,nms    ,NC_A,banana,,,,,
banano,{25672},banano,nms    ,NC_O,banana,,,,,
banca,"{41350, 5196, 150482, 615063, 60957}",banca,nfs    ,NC_A,bench,,,,1,
banco,"{141674, 131125, 56036, 61669}",banco,n,NC_O,bank/bench,,,,1,
banda,"{162801, 109738, 20175}",banda,nfs    ,NC_A,band/gang,,,,1,
bandida,{195141},bandido,n,NC_O,outlaw,1,,,,
bandido,"{179852, 50215}",bandido,nms    ,NC_O,outlaw,1,,,,
bando,{12577},bando,nms    ,NC_O,"Faction, party, swarm",,,,1,
barca,"{46304, 20714, 147230}",barca,nfs    ,NC_A,small boat,,,,,
barco,{66982},barco,nms    ,NC_O,boat,,,,,
barda,{65879},barda,nfs    ,NC_A,fence,,,,1,Mexico
bardo,"{200940, 59365}",bardo,nms    ,NC_O,bard/conflict,,,,1,
barra,"{48433, 60219, 42958, 1270455}",barra,nfs    ,NC_A,bar/counter; bar/rod,,,,1,
barranca,"{88586, 77806}",barranca,nfs    ,NC_A,canyon,,,,,
barranco,"{43049, 106075, 75942}",barranco,nms    ,NC_O,gully/ravine,,,,,
barrida,{109373},barrida,nfs    ,NC_A,instance of sweeping,,,,,
barrido,"{49219, 1270501}",barrido,nms    ,NC_O,act of sweeping,,,,,
barro,"{106521, 118401}",barro,n,NC_O,mud,,,,1,
batida,{102131},batida,nfs    ,NC_A,beating/search/radi,,,,1,
batido,{38909},batido,nms    ,NC_O,"smoothie, whiped cocktail",,,,1,
baza,{51539},baza,nfs    ,NC_A,trick/ cuckoo-hawk,,,,1,
bazo,{40853},bazo,nms    ,NC_O,spleen,,,,1,
bebita,"{218393, 76034}",bebita,n,NC_A,drink,,,,1,
bebito,{78561},bebito,n,NC_O,little baby,1,,1,1,
becaria,{83983},becaria,nfs    ,NC_A,grant-holder,1,,,,
becario,{151077},becario,nms    ,NC_O,grant-holder,1,,,,
becerra,{224374},becerra,nfs    ,NC_A,heifer/uncooked unleavened dough,,,,,
becerro,{50595},becerro,nms    ,NC_O,calf,,,,,
beneficiada,{76659},beneficiado,n,NC_O,beneficiary,1,,,,
beneficiado,{119624},beneficiado,n,NC_O,beneficiary,1,,,,
beta,"{183065, 36109, 12598}",beta,nfs    ,NC_A,beta (letter),,,,,
beto,{201539},beto,n,NC_O,short for Alberto,,,,,
biblia,{51821},biblia,nms    ,NC_A,bible,,,,1,
biblio,{157475},biblio,n,NC_O,short for bibliography,,,,1,
bibliotecaria,{70206},bibliotecaria,n,NC_A,librarian,1,,,,
bibliotecario,"{212022, 38495}",bibliotecario,nms    ,NC_O,librarian,1,,,,
bicha,{145111},bicha,nfs    ,NC_A,"beer, brew/ cocaine paste",,1,,1,
bichilla,{155863},bichilla,n,NC_A,little bicha,,,1,,
bichillo,{189306},bichillo,n,NC_O,litte bicho,,,1,,
bicho,"{169614, 87711}",bicho,nms    ,NC_O,"bug, vermin, beast, vulva, penis",,1,,1,vulgar use only in PR/Venezuela
billetera,{25032},billetera,nfs    ,NC_A,wallet,,,,,
billetero,{390412},billetero,nms    ,NC_O,wallet,,,,,
billonaria,{285558},billonario,n,NC_O,billionaire,1,,,,
billonario,{165951},billonario,n,NC_O,billionaire,1,,,,
bisabuela,{60075},bisabuela,n,NC_A,great-grandmother,1,,,,
bisabuelo,{45432},bisabuelo,nms    ,NC_O,great-grandfather,1,,,,
bi√≥grafa,{219806},bi√≥grafa,nfs    ,NC_A,biographer,1,,,,
bi√≥grafo,{57282},bi√≥grafo,nms    ,NC_O,biographer,1,,,,
bi√≥loga,{68348},bi√≥logo,nfs    ,NC_O,biologist,1,,,,
bi√≥logo,{26226},bi√≥logo,nms    ,NC_O,biologist,1,,,,
bloguera,"{182648, 40977, 182647}",bloguera,n,NC_A,blogger,,,,,
bloguero,"{61889, 36907}",bloguero,n,NC_O,blogger,,,,,
bo,"{62707, 158191}",bo,n,NC_O,bow/arch,,,,,
bohemia,{60405},bohemia,nfs    ,NC_A,Bohemian,1,,,,
bohemio,{84664},bohemio,nms    ,NC_O,Bohemian,1,,,,
bola,{87943},bola,nfs    ,NC_A,"ball, testicle, scoop, hilt, muscle",,,,1,
bolera,{193520},bolera,nfs    ,NC_A,bowling alley/ bolero musician,1,,,,
bolero,"{36248, 156189}",bolero,nms    ,NC_O,Bolero music / bolero musician,1,,,,
boleta,{222796},boleta,nfs    ,NC_A,"bill, receipt, ticket, death",,,,,
boleto,{13976},boleto,nms    ,NC_O,ticket,,,,,
bolo,"{53286, 210007}",bolo,nms    ,NC_O,"bowling pin, bolivar, gig, ",,,,1,
bolsa,{145646},bolsa,nms    ,NC_A,"bag, purse",,,,,
bolsita,{37558},bolsita,n,NC_A,little bolsa,,,1,,
bolsito,{118404},bolsito,n,NC_O,little bolso,,,1,,
bolso,"{11411, 128767}",bolso,nms    ,NC_O,"bag, purse",,,,,
bomba,{5795},bomba,nfs    ,NC_A,"bomb, pump, lampt globe, smash hit",,,,1,
bombilla,{27064},bombilla,nfs    ,NC_A,light bulb,,,1,,
bombillo,{52951},bombillo,nms    ,NC_O,light bulb,,,1,,
bombo,"{295082, 30802}",bombo,nms    ,NC_O,"bass drum, bass drum player, barge",,,,1,
bora,"{170784, 134006}",bora,n,NC_A,?,,,,,
boro,{78970},boro,nms    ,NC_O,boron,,,,,
borta,{2539327},borta,n,NC_A,?,,,,,
borto,{2539334},borto,nms    ,NC_O,?,,,,,
bota,{35062},bota,nfs    ,NC_A,boot,,,,,
boto,{189315},boto,nms    ,NC_O,boot,,,,,
bot√°nica,"{158193, 67485}",bot√°nica,nfs    ,NC_A,botanist,,,,,
bot√°nico,"{81512, 219092}",bot√°nico,nms    ,NC_O,botanist,,,,,
braza,{140524},braza,nfs    ,NC_A,breaststroke,,,,1,
brazo,{127718},brazo,nms    ,NC_O,"arm (anatomy), branch, limb (of a tree)",,,,1,
broma,"{122509, 24367}",broma,n,NC_A,joke,,,,1,
bromo,{140128},bromo,nms    ,NC_O,bromine/brome,,,,1,
bula,{158823},bula,nfs    ,NC_A,"bull, strenght, bubble",,,,1,
bulo,{76571},bulo,nms    ,NC_O,canard/hoax,,,,1,only in Spain
burrita,{295101},burrita,nfs    ,NC_A,(uncommon) latin american dish similar to burrito,,,,,
burrito,"{76321, 151399}",burrito,nms    ,NC_O,burrito,,,,,
buscala,{265369},buscala,n,NC_A,?,,,,,
buscalo,{184929},buscalo,n,NC_O,?,,,,,
b√°rbara,{169224},b√°rbara,nfs    ,NC_A,barbarian,1,,,,
b√°rbaro,"{36289, 119930}",b√°rbaro,nms    ,NC_O,barbarian,1,,,,
b√≠peda,{184451},b√≠pedo,n,NC_O,bipedal,1,,,,
b√≠pedo,"{250686, 169615}",b√≠pedo,n,NC_O,bipedal,1,,,,
caballa,{83011},caballa,nfs    ,NC_A,mackerel,,,,1,
caballo,{55889},caballo,nms    ,NC_O,hourse,,,,1,
cabecera,{122362},cabecera,nfs    ,NC_A,"headboard, head (of company), headline, headwaters",,,,,
cabecero,{120267},cabecero,nms    ,NC_O,"headboard, bedhead",,,,,
cabra,{21880},cabra,nfs    ,NC_A,female goat,1,,,,
cabro,{89320},cabro,nms    ,NC_O,male goat,1,,,,
caca,"{214819, 24358}",caca,nfs    ,NC_A,poo,1,,,1,
caco,{119340},caco,nms    ,NC_O,thief,1,,,1,
cafetera,{56014},cafetera,nfs    ,NC_A,coffemaker,,,,,
cafetero,{135282},cafetero,nms    ,NC_O,?,,,,,
cajera,{51055},cajera,n,NC_A,cashier,1,,,,
cajero,{22437},cajero,nms    ,NC_O,cashier,1,,,,
caldera,"{49768, 27735}",caldera,nfs    ,NC_A,"cauldron, boiler, caldera",,,,,
caldero,{57981},caldero,nms    ,NC_O,small cauldron,,,,,
calleja,{176359},calleja,nfs    ,NC_A,narrow street,,,,,
callejo,{1485650},callejo,nms    ,NC_O,alley,,,,,
calzada,"{25289, 86495}",calzada,nfs    ,NC_A,"road, path, lane",,,,1,exists as adj
calzado,"{177633, 13412}",calzado,nms    ,NC_O,footgear,,,,1,exists as adj
camina,{55773},camino,n,NC_O,?,,,,,
camino,"{15048, 42281, 6260, 64134}",camino,n,NC_O,"way, path",,,,,
campa,{170412},campa,n,NC_A,?,,,,,
campesina,{51668},campesina,n,NC_A,farmer,1,,,,
campesino,"{127721, 12022}",campesino,nms    ,NC_O,farmer,1,,,,
campo,"{125028, 82042, 25820, 45887}",campo,nms    ,NC_O,"countryside, field, ",,,,,
canangucha,{1486099},canangucha,n,NC_A,moriche palm,,,,,
canangucho,{1486100},canangucho,n,NC_O,?,,,,,
canela,"{126588, 36804, 23189}",canela,nfs    ,NC_A,cinnamon,,,,,
canelo,"{89152, 106882, 50086}",canelo,nms    ,NC_O,cinnamon tree,,,,,
cantera,{126402},cantera,nfs    ,NC_A,"quarry, talent, academy",,,,1,
cantero,"{81330, 50146}",cantero,nms    ,NC_O,"quarry worker, stonemason",,,,1,
capa,"{61616, 222046, 62087}",capa,nfs    ,NC_A,"cloak, cape, coat, sheet, layer, guise",,,,1,
capo,"{166672, 25723, 152542}",capo,nms    ,NC_O,"gangaster, boss, chief",1,,,1,
careta,{37022},careta,nfs    ,NC_A,"face mask, pork cheek",,,,1,also adj
careto,{117987},careto,nms    ,NC_O,face,,,,1,
carga,"{78517, 150231}",carga,nfs    ,NC_A,"load, burden, cargo",,,,1,
cargo,{76573},cargo,nms    ,NC_O,"charge, burden, position, debit, charge",,,,1,
carita,"{26265, 145921}",carita,n,NC_A,little cara; emoji,,,,,
carito,{205317},carito,n,NC_O,?,,,,,
carpa,"{166675, 24109}",carpa,nfs    ,NC_A,tent,,,,1,
carpo,{110288},carpo,n,NC_O,"carpus, wrist",,,,1,
carretera,"{54872, 240728}",carretera,nfs    ,NC_A,"highway, cartwright",1,,,,
carretero,{57692},carretero,nms    ,NC_O,cartwright,1,,,,
cartera,{5812},cartera,nfs    ,NC_A,"wallet, billfold, handbag, female letter carrier",1,,,,
cartero,{38061},cartero,nms    ,NC_O,postman,1,,,,
casta√±a,{61956},casta√±a,nfs    ,NC_A,"chestnut, bun",,,,,
casta√±o,{62025},casta√±o,nms    ,NC_O,chestnut tree,,,,,
castellana,"{95092, 132159}",castellana,nfs    ,NC_A,castillian,1,,,,
castellano,"{5883, 46723}",castellano,nms    ,NC_O,castillian,1,,,,
catalina,"{123345, 219833, 1130590}",catalina,nfs    ,NC_A,"crankset, chainset",,,,1,
catalino,{1130591},catalino,n,NC_O,cold? ,,,,1,
catedr√°tica,{61822},catedr√°tico,n,NC_O,professor,1,,,,
catedr√°tico,"{15432, 48970}",catedr√°tico,nms    ,NC_O,professor,1,,,,
caudata,{2559366},caudata,n,NC_A,?,,,,,
caudato,{2559368},caudato,n,NC_O,?,,,,,
cautiva,{135288},cautiva,nfs    ,NC_A,captive,1,,,,
cautivo,{51208},cautivo,nms    ,NC_O,captive,1,,,,
cava,"{59161, 212707}",cava,nfs    ,NC_A,dig,,,,1,
cavo,{167427},cabo,n,NC_O,"burrow, den",,,,1,also an adjective
ca√≠da,"{75632, 162440}",ca√≠da,nfs    ,NC_A,"fall, crash",,,,,
ca√≠do,{58236},ca√≠do,nms    ,NC_O,adj,,,,,
ca√±onera,{285609},ca√±onera,nfs    ,NC_A,gunboat,,,,,
ca√±onero,{183083},ca√±onero,nms    ,NC_O,gunboat,,,,,
cea,{80417},cea,nfs    ,NC_A,?,,,,,
ceba,{165637},ceba,nfs    ,NC_A,onion,,,,1,
cebo,{47892},cebo,nms    ,NC_O,"bait, fodder",,,,1,
cebolla,{77404},cebolla,nfs    ,NC_A,onion,,,,1,
cebollo,{1635911},cebollo,n,NC_O,someone stupid,1,,,1,
cebra,{46842},cebra,nfs    ,NC_A,zebra,,,,,
cebro,{1635919},cebro,nms    ,NC_O,?,,,,,
ceiba,{50710},ceiba,nfs    ,NC_A,silk-cotton-tree,,,,,
ceibo,"{188830, 166679}",ceibo,nms    ,NC_O,"one of several species of trees, principally Erythrina crista-galli",,,,,
centena,{95504},centena,nfs    ,NC_A,unit of hundred objects,,,,1,also adj
centeno,"{88937, 39919}",centeno,nms    ,NC_O,rye,,,,1,also adj
ceo,{165962},ceo,nms    ,NC_O,?,,,,,
cepa,"{111192, 23637}",cepa,nfs    ,NC_A,"type of wine, strain, root, ancestry",,,,1,
cepo,{42228},cepo,nms    ,NC_O,"snare, trap shackle",,,,1,
cerda,{59212},cerda,nfs    ,NC_A,"sow, bristle",1,,,,
cerdo,"{219841, 119630}",cerdo,nms    ,NC_O,"pig, pork",1,,,,
cereza,"{214848, 41943}",cereza,nfs    ,NC_A,cherry,,,,,
cerezo,{100563},cerezo,nms    ,NC_O,cherry tree,,,,,
cesta,{25893},cesta,nfs    ,NC_A,basket,,,,,
cesto,{49441},cesto,nms    ,NC_O,basket,,,,,
chacha,{905198},chacha,nfs    ,NC_A,"kid, maid",1,1,,,
chacho,{157498},chacho,nms    ,NC_O,kid,1,,,,
chata,{110579},chata,nfs    ,NC_A,"pickup truck, type of ship",,,,,
chato,{141932},chato,nms    ,NC_O,?,,,,,
chava,"{41056, 212073}",chava,nfs    ,NC_A,corpse,,,,1,also adj
chavala,{92445},chavala,n,NC_A,boy,1,,,,
chavalo,{109145},chavalo,nms    ,NC_O,girl,1,,,,
chavo,"{39593, 65729}",chavo,nms    ,NC_O,boy/kid,1,,,1,also adj
chica,"{158536, 53743}",chica,nfs    ,NC_A,girl,1,,,,
chicha,"{116984, 23380}",chicha,nfs    ,NC_A,"flesh, boob, peruvian drink",,,,1,
chicho,{210705},chicho,nms    ,NC_O,love handle,,,,1,carribean
chico,{47782},chico,nms    ,NC_O,boy,1,,,,
chika,{140138},chika,n,NC_A,?,,,,,
chiko,{163549},chiko,n,NC_O,?,,,,,
chinita,{158836},chinito,n,NC_O,darling/dear,1,,,,
chinito,{143842},chinito,n,NC_O,darling/dear,1,,,,
chiquilla,"{181284, 58847}",chiquilla,n,NC_A,little girl,,,1,,
chiquillo,"{163161, 52531}",chiquillo,nms    ,NC_O,little boy,,,1,,
chita,{163162},chita,nms    ,NC_A,cheetah,,,,,
chito,{225185},chito,nms    ,NC_O,? Hush,,,,,
chiva,{91355},chiva,nms    ,NC_A,"blanket, goatee, shoutout",,,1,,
chivo,"{28442, 171554}",chivo,nms    ,NC_O,"goat, kid",,,1,,
chorra,"{123000, 183568}",chorro,n,NC_O,"luck, chance, penis",,1,,1,innapropriate in Spain; adj but doesn't change
chorro,{120274},chorro,nms    ,NC_O,"flow, jet, tap, faucet",,,,1,
chucha,{52879},chucha,nfs    ,NC_A,"vagina, bitch, body odor",,,,1,innapropriate in South America; all uses are country specific though
chucho,"{60785, 95946}",chucho,nms    ,NC_O,"mutt, male dog, jail, owl, miser",,,,1,very country specific meaning
chula,{133591},chula,nfs    ,NC_A,"pimp, freeloader, mooch",1,,,,
chulo,{54607},chulo,nms    ,NC_O,"pimp, freeloader, mooch",1,,,,spain and venezuela
cierva,"{145929, 159450}",cierva,nfs    ,NC_A,female deer,1,,,,
ciervo,{42095},ciervo,nms    ,NC_O,male deer,1,,,,
cigarra,"{175547, 92303}",cigarra,nfs    ,NC_A,cicada,,,,1,
cigarro,{20857},cigarro,nms    ,NC_O,cigar,,,,1,
cinta,"{53306, 225189, 88255}",cinta,n,NC_A,"ribbon, tape",,,,1,
cinto,{52953},cinto,nms    ,NC_O,belt,,,,1,
circa,{162456},circo,n,NC_O,?,,,,,
circo,{70163},circo,nms    ,NC_O,circus,,,,,
ciruela,"{980226, 70447}",ciruela,nfs    ,NC_A,plum,,,,,
ciruelo,{162458},ciruelo,nms    ,NC_O,plum tree,,,,,
ciudadana,{28384},ciudadana,n,NC_A,citizen,1,,,,
ciudadano,"{134233, 43318}",ciudadano,nms    ,NC_O,citizen,1,,,,
claudia,{52910},claudia,np,NC_A,greengage,,,,,
claudio,{2574410},claudio,n,NC_O,?,,,,,
clava,{222844},clava,nfs    ,NC_A,club,,,,1,also verb
clavo,"{214121, 14530}",clavo,nms    ,NC_O,"nail, clove, corn, headache, scab",,,,1,
coa,"{158539, 182188}",coa,nfs    ,NC_A,,,,,,
cobija,{59312},cobija,nfs    ,NC_A,blanket,,,,1,"mexico, columbia, venezuela; also verb"
cobijo,{40276},cobijo,nms    ,NC_O,"bedroom, shelter, protection",,,,1,also verb
cobra,{37178},cobra,nfs    ,NC_A,cobra,,,,1,also verb
cobro,{156524},cobro,nms    ,NC_O,"payment, cashing, charge",,,,1,also verb
coca,"{39114, 63286, 193007}",coca,nfs    ,NC_A,coca plant; coca cola; cocaine,,,,1,
cochera,{62709},cochera,nfs    ,NC_A,"coachman, bus depot",1,,,,
cochero,{92539},cochero,nms    ,NC_O,coachman,1,,,,
cochinilla,{134444},cochinilla,nfs    ,NC_A,"pill bug, cochineal",,,,1,
cochinillo,{133188},cochinillo,nms    ,NC_O,suckling pig,1,,,1,
cocinera,{35127},cocinera,n,NC_A,cook,1,,,,
cocinero,{165315},cocinero,nms    ,NC_O,cook,1,,,,
coco,"{146446, 122225, 11476, 210716, 35325}",coco,nms    ,NC_O,"coconut, weevil, bogeyman",,,,1,
coda,"{132588, 164246}",coda,nfs    ,NC_A,"coda, ",,,,1,also adj
codo,"{221360, 14326}",codo,nms    ,NC_O,elbow,,,,1,also adj
cofia,{176374},cofia,nfs    ,NC_A,cap for nurse and waitress,,,,,
cofio,{980565},cofio,n,NC_O,?,,,,,
colera,{91580},colero,n,NC_O,cholera,,,,1,With accent!!!
colero,{250766},colero,nms    ,NC_O,bottom-ranked team,,,,1,latin america
coleta,{81919},coleta,nfs    ,NC_A,"ponytail, exhuatspipe, aftertought",,,,1,
coleto,{230789},coleto,nms    ,NC_O,"mop, type of jacket, one's insides",,,,1,mop only in venezuela
colorida,{43293},colorido,n,NC_O,adj. colored,,,,,
colorido,"{27942, 82159}",colorido,n,NC_O,"coloring, coloration",,,,,also adj
col√°gena,{270467},col√°gena,n,NC_A,adj. collagenic,,,,,
col√°geno,"{178969, 26326}",col√°geno,nms    ,NC_O,"collagen, colagenic",,,,,
comisaria,{41402},comisaria,n,NC_A,commissioner,1,,,,
comisario,{86292},comisario,nms    ,NC_O,commissioner,1,,,,
companera,{217760},compa√±ero,n,NC_O,friend,1,,,,
companero,"{214130, 162463}",compa√±ero,n,NC_O,friend,1,,,,
comparativa,{35646},comparativa,n,NC_A,adj. comparative,,,,,
comparativo,{84671},comparativo,n,NC_O,comparative; adj. comparative,,,,,
compa√±era,"{6089, 155597}",compa√±era,n,NC_A,friend,1,,,,
compa√±erita,{210721},compa√±erita,n,NC_A,little friend,1,,1,,
compa√±erito,{160803},compa√±erito,n,NC_O,little friend,1,,1,,
compa√±ero,"{161440, 131149}",compa√±ero,nms    ,NC_O,friend,1,,,,
concha,"{51073, 285684, 26053}",concha,nfs    ,NC_A,"seashell, sweet bread (MX), vagina",,,1,,
concho,{540042},concho,n,NC_O,"dregs (LA), car/motor (DR), tax (DR",,,1,,
concubina,{62153},concubina,nfs    ,NC_A,concubine,1,,,,
concubino,{115389},concubino,n,NC_O,concubine,1,,,,
conducta,"{133004, 56612}",conducta,nfs    ,NC_A,"behavior, conduct",,,1,,
conducto,{175962},conducto,nms    ,NC_O,"duct, pipeline",,,1,,
coneja,{135298},coneja,nfs    ,NC_A,rabbit,1,,,,
conejo,{58129},conejo,nms    ,NC_O,rabbit,1,,,,
conjura,{66498},conjura,nfs    ,NC_A,"conspireation, conjuring, exorcism",,,,,
conjuro,{46642},conjuro,nms    ,NC_O,"spell, conjuration",,,,,
conseja,{151427},conseja,nfs    ,NC_A,"old wiv'es tale, fable",,,,1,also v
consejera,"{157512, 46877, 250781}",consejero,n,NC_O,adviser,1,,,,
consejero,"{45641, 68515}",consejero,nms    ,NC_O,adviser,1,,,,
consejo,"{50120, 121445}",consejo,nms    ,NC_O,"advice, council",,,,1,also v
convenia,{192459},convenio,n,NC_O,?,,,,,
convenio,"{13057, 54066, 134885}",convenio,nms    ,NC_O,"agreement, covenant",,,,,
coo,{220606},coo,n,NC_O,?,,,,,
copa,"{157161, 20532, 6245}",copa,nfs    ,NC_A,glass,,,,1,also V
copo,{109642},copo,nms    ,NC_O,flake (cereal),,,,1,also V
cora,"{52570, 105851, 415095}",cora,nms    ,NC_A,"region of Andalusia, Quarter (Salvador)",,,,,
cordada,{215590},cordada,nfs    ,NC_A,rope team,,,,1,also Adj
cordado,{1495681},cordado,nms    ,NC_O,chordate,,,,1,also Adj
core√≥grafa,{93193},core√≥grafa,nfs    ,NC_A,choreographer,1,,,,
core√≥grafo,{56677},core√≥grafo,nms    ,NC_O,coreographer,1,,,,
coro,"{178097, 222100, 25070}",coro,nms    ,NC_O,choir,,,,,
correa,"{21961, 117564}",correa,nfs    ,NC_A,"belt, leash",,,,1,
correo,"{13798, 12360, 150250, 23478, 64536, 61086}",correo,n,NC_O,mail,,,,1,
corrida,{20578},corrida,nfs    ,NC_A,"sprint, bulfight",,,,1,adj
corrido,{37312},corrido,nms    ,NC_O,folk song (MX),,,,1,adj
corta,"{415110, 26103}",corta,nfs    ,NC_A,cutting (of trees),,,,1,adj/v
cortada,{91585},cortada,nfs    ,NC_A,"cut (LA), shortcut (AG, BV, UR)",,,,1,Adj/V
cortado,{92871},cortado,nms    ,NC_O,coffee,,,,1,Adj/V
corto,{133602},corto,nms    ,NC_O,short (film),,,,1,Adj/V
corva,{213424},corva,nfs    ,NC_A,ham (back of knee),,,,1,adj/v
corvo,{265472},corvo,nms    ,NC_O,hook,,,,1,adj/v
cosa,"{26337, 43019, 82843, 59243}",cosa,n,NC_A,thing,,,,1,adj/v
coso,{65019},coso,nms    ,NC_O,"bullring, woodowrm, thingy",,,,1,adj/v
costa,"{81457, 21054}",costa,nfs    ,NC_A,"coast, expense",,,,1,
costo,"{38700, 91975}",costo,nms    ,NC_O,cost,,,,1,
costurera,{795126},costurera,nfs    ,NC_A,seamstress,1,,,,
costurero,{151710},costurero,nms    ,NC_O,seamster,1,,,,
cota,"{141705, 36861}",cota,nfs    ,NC_A,"coat of arms, elevation",,,,1,
coto,"{115997, 37575}",coto,nms    ,NC_O,"preserve, wildlife, landmark, limit",,,,1,
co√±a,"{37614, 115695}",co√±a,nfs    ,NC_A,"mockery, female coño",1,,,,
co√±o,"{55139, 23709, 210063}",co√±o,n,NC_O,vagina,1,,,,
cr√≠a,{167072},cr√≠a,nfs    ,NC_A,"kid, pup, litter, childrearing",1,,,,V
cr√≠o,{53520},cr√≠o,nms    ,NC_O,kid,1,,,,
cuadra,"{15323, 115396, 51013, 26471}",cuadra,nfs    ,NC_A,"city block (LA), stable, ward",,,,1,V
cuadro,"{23042, 55367, 40846, 60559, 240817, 70045}",cuadro,n,NC_O,"square, rectanlge",,,,1,V
cuajada,{101354},cuajada,nfs    ,NC_A,"milk curde, type of desert (SP)",,,,,V
cuajado,{265481},cuajado,nms    ,NC_O,?,,,,,V
cuarteta,{133403},cuarteta,nfs    ,NC_A,four line strophe,,,,1,
cuarteto,"{116993, 27316}",cuarteto,nms    ,NC_O,quartet,,,,1,
cuba,{102819},cuba,np,NC_A,barrel,,,,1,
cubierta,{11833},cubierta,nfs    ,NC_A,"cover, envelope, sheath, hood",,,,1,Adj/V
cubierto,{49711},cubierto,nms    ,NC_O,cutlery,,,,1,Adj/V
cubo,{158852},cubo,nms    ,NC_O,"cube, bucket/pail (SP, CB)",,,,1,
cuca,{285726},cuca,nfs    ,NC_A,"earth almond, caterpillar, gambling woman, penis, cookie",1,,,1,Adj
cuchilla,{45142},cuchilla,nfs    ,NC_A,knife,,,,,
cuchillo,"{124200, 10090}",cuchillo,nms    ,NC_O,knife,,,,,
cuco,"{67801, 131562}",cuco,nms    ,NC_O,"cuckoo, bogeyman",1,,,1,ADJ
cuenca,"{10997, 14919}",cuenca,nfs    ,NC_A,"eye socket, watershed, vallue",,,,1,
cuenco,{48836},cuenco,nms    ,NC_O,bowl,,,,1,
cuenta,"{46528, 30617, 22740}",cuenta,nfs    ,NC_A,"count, talley, tab, report",,,,1,V
cuento,"{47433, 50058, 224458}",cuento,n,NC_O,Story,,,,1,V
curandera,{165988},curandera,nfs    ,NC_A,shaman,1,,,,
curandero,{60055},curandero,nms    ,NC_O,shaman,1,,,,
curricula,{133203},curricula,n,NC_A,curriculum,,,,,with Accent
curriculo,{160116},curr√≠culo,n,NC_O,curriculum,,,,,
curr√≠cula,{76086},curr√≠culo,n,NC_O,curriculum,,,,,
curr√≠culo,"{14102, 130951}",curr√≠culo,nms    ,NC_O,curriculum,,,,,
custodia,"{125371, 10287}",custodia,nfs    ,NC_A,custody,,,,1,V
custodio,"{108555, 50397}",custodio,nms    ,NC_O,"Guardian, keeper, custodian",1,,,1,V
cu√±a,{41579},cu√±a,nfs    ,NC_A,"wedge, chock",,,,1,V
cu√±ada,"{171580, 29126}",cu√±ada,n,NC_A,brother in law,1,,,,
cu√±ado,{21663},cu√±ado,nms    ,NC_O,sister in law,1,,,,
cu√±o,"{130355, 66628}",cu√±o,nms    ,NC_O,stamp,,,,1,V
dana,{170832},dana,n,NC_A,?,,,,,
dano,"{101358, 93030}",dano,n,NC_O,?,,,,,
data,{15153},data,nfs    ,NC_A,date,,,,1,V
dato,"{48449, 285733, 115146, 123513, 56444}",dato,n,NC_O,Datum (piece of info),,,,1,V
dea,"{150256, 76132}",dea,nfs    ,NC_A,goddess,1,,,,
decana,"{67259, 141460}",decana,n,NC_A,senior person,1,,,,
decano,{22487},decano,nms    ,NC_O,senior person,1,,,,
delantera,"{21728, 415224}",delantera,nfs    ,NC_A,(soccer) forward,1,,,,
delantero,{200438},delantero,nms    ,NC_O,(soccer) forward,1,,,,
delegada,"{38243, 214901}",delegada,n,NC_A,delegate,1,,,,
delegado,"{59570, 13612, 87429}",delegado,nms    ,NC_O,delegate,1,,,,
denuncia,"{127921, 82210}",denuncia,nfs    ,NC_A,report,,,,,V
denuncio,{115272},denuncio,nms    ,NC_O,?,,,,,V
deo,"{163580, 189373}",deo,n,NC_O,?,,,,,
depositaria,{87803},depositario,n,NC_O,Adj.,,,,,Adj
depositario,{43020},depositario,nms    ,NC_O,depository,,,,,
derecha,"{110448, 48299}",derecha,nfs    ,NC_A,right,,,,1,Adj
derecho,"{212770, 36483, 1380533}",derecho,nms    ,NC_O,Right (in law),,,,1,Adj
derivada,{58011},derivada,n,NC_A,V,,,,,
derivado,{38029},derivado,nms    ,NC_O,derivative,,,,,
descarga,"{60993, 5964}",descarga,nfs    ,NC_A,"unloading, discharge, electrick shock, download",,,,,V
descargo,"{36947, 146207}",descargo,nms    ,NC_O,"unloading, rebuttal",,,,,V
descubierta,{122691},descubierta,nfs    ,NC_A,military patrolling,,,,,Adj/V
descubierto,{55562},descubierto,nms    ,NC_O,Adj/V,,,,,
desecha,{177252},desecho,n,NC_O,?,,,,,V
desecho,"{25697, 128617}",desecho,nms    ,NC_O,waste/trash,,,,,V
desgana,{77815},desgana,nfs    ,NC_A,reluctance,,,,1,V
desgano,{58823},desgano,nms    ,NC_O,Apathy,,,,1,V
devia,{222151},devia,n,NC_A,?,,,,,
devio,{230861},devio,n,NC_O,?,,,,,
devota,{103140},devota,nfs    ,NC_A,pious person,1,,,,
devoto,{42190},devoto,nms    ,NC_O,pious person,1,,,,
devuelta,{156557},devuelto,n,NC_O,V,,,,,
devuelto,{166367},devuelto,n,NC_O,V,,,,,
dia,"{5434, 150827}",d√≠a,n,NC_A,day,,,,,
diestra,{21143},diestra,nfs    ,NC_A,right hand (assistant),1,,,1,Adj
diestro,{37244},diestro,nms    ,NC_O,"Right handed person, bullfighter",,,,1,Adj
dietaria,{250867},dietario,n,NC_O,Adj,,,,,
dietario,{415333},dietario,nms    ,NC_O,"diary, planner",,,,,Adj
dio,{1285564},dio,n,NC_O,V,,,,,
diputada,"{109761, 142439, 131783, 10793, 67065}",diputada,n,NC_A,deputy,1,,,,
diputado,"{30881, 21922, 265539, 102501, 65245}",diputado,n,NC_O,deputy,1,,,,
directiva,"{38360, 10260}",directiva,nfs    ,NC_A,director,1,,,,
directivo,"{14113, 188419}",directivo,nms    ,NC_O,director,1,,,,
disc√≠pula,{75181},disc√≠pulo,n,NC_O,disciple,1,,,,
disc√≠pulo,"{10448, 120647}",disc√≠pulo,nms    ,NC_O,disciple,1,,,,
diva,"{26109, 69999}",diva,nfs    ,NC_A,diva,,,,1,Adj
divo,{118147},divo,nms    ,NC_O,"star, celebrity ",,,,1,Adj
doma,"{270593, 160491}",doma,nfs    ,NC_A,"horse taming, domestication",,,,1,Adj
domo,"{65281, 142195}",domo,nms    ,NC_O,Dome,,,,1,V
dorada,{125380},dorada,nfs    ,NC_A,gilt-head bream,,,,1,Adj/V
dorado,"{36948, 84175}",dorado,nms    ,NC_O,"plating with gold, various species of fish",,,,1,Adj/V
draga,{163590},draga,nfs    ,NC_A,V,,,,,
drago,{190433},drago,nms    ,NC_O,dragon tree,,,,,
dramaturga,{131170},dramaturga,nfs    ,NC_A,playwright,1,,,,
dramaturgo,"{219217, 290402, 24845}",dramaturgo,nms    ,NC_O,playwright,1,,,,
duena,{159801},due√±o,n,NC_O,"owner, master",1,,,,
dueno,{180428},due√±o,n,NC_O,"owner, master",1,,,,
due√±a,"{10920, 147825, 53578, 265553}",due√±a,nfs    ,NC_A,"owner, master",1,,,,
due√±o,"{89009, 95771, 24566}",due√±o,n,NC_O,"owner, master",1,,,,
d√≠a,"{21986, 23635, 30150}",d√≠a,nms    ,NC_A,day,,,,,
d√≠o,{188416},d√≠o,n,NC_O,?,,,,,
echada,{176879},echada,nfs    ,NC_A,V,,,,,
echado,{188890},echado,nms    ,NC_O,V,,,,,
egresada,"{56632, 110977, 169688}",egresado,n,NC_O,alumnus,1,,,,
egresado,"{90751, 83495}",egresado,n,NC_O,alumnus,1,,,,
ejecutiva,"{120295, 40999}",ejecutiva,nfs    ,NC_A,executive,1,,,,
ejecutivo,"{186000, 5061}",ejecutivo,nms    ,NC_O,executive,1,,,,
ela,{945233},ela,n,NC_A,?,,,,,
elo,{184103},elo,n,NC_O,?,,,,,
el√°stica,{124732},el√°stica,nfs    ,NC_A,Adj,,,,,
el√°stico,{90994},el√°stico,nms    ,NC_O,Adj,,,,,
emplea,"{106776, 67734}",empleo,n,NC_O,V,,,,,
empleo,"{37064, 124556, 29421, 170076, 10237}",empleo,n,NC_O,"job, employment",,,,,
empresaria,{25569},empresaria,n,NC_A,businesswoman,1,,,,
empresario,"{64697, 215671}",empresario,nms    ,NC_O,businessman,1,,,,
enamorada,{24725},enamorada,n,NC_A,lover,1,,,,
enamorado,{10256},enamorado,n,NC_O,lover,1,,,,
encargada,{14771},encargada,n,NC_A,person in charge,1,,,,
encargado,{166011},encargado,nms    ,NC_O,person in charge,1,,,,
encina,"{78411, 167486}",encina,nfs    ,NC_A,oak,,,,,
encino,{165703},encino,nms    ,NC_O,oak,,,,,
endoscopia,{76888},endoscopia,n,NC_A,endoscopy,,,,1,
endoscopio,{118439},endoscopio,n,NC_O,endoscope,,,,1,
enemiga,"{37561, 231751}",enemiga,nfs    ,NC_A,enemy,1,,,,
enemigo,"{102918, 150542}",enemigo,nms    ,NC_O,enemy,1,,,,
enfermera,"{11169, 90836}",enfermera,n,NC_A,nurse,1,,,,
enfermero,"{147299, 39597}",enfermero,nms    ,NC_O,nurse,1,,,,
entendia,{128279},entendia,n,NC_A,?,,,,,
entendio,{142910},entendio,n,NC_O,?,,,,,
enterita,{161155},enterito,n,NC_O,Adj,,,,,
enterito,"{126082, 178139}",enterito,n,NC_O,Adj,,,,,
esbirra,{440190},esbirra,n,NC_A,minion,1,,,,
esbirro,{82852},esbirro,nms    ,NC_O,henchmen,1,,,,
escalada,"{191953, 14908}",escalada,nfs    ,NC_A,"increase, rise, climb",,,,,V
escalado,{180443},escalado,nms    ,NC_O,V,,,,,V
escanda,{2654743},escanda,nfs    ,NC_A,V,,,,,
escando,{2654773},escando,n,NC_O,Type of rhy bread,,,,,
escaneala,{2654777},escaneala,n,NC_A,?,,,,,
escanealo,{2654778},escanealo,n,NC_O,?,,,,,
esclava,{26815},esclava,nfs    ,NC_A,slave,1,,,,
esclavo,"{122400, 37411, 10550}",esclavo,nms    ,NC_O,slave,1,,,,
escritoria,{505188},escritoria,n,NC_A,?,,,,,
escritorio,"{5585, 67026}",escritorio,nms    ,NC_O,writing desk; study,,,,,
escucha,"{55680, 10058}",escucha,nms    ,NC_A,"listening, monitoring, tapping, scout",,,,,V
escucho,{27505},escucho,nms    ,NC_O,V,,,,,
esfera,"{83683, 6005, 370246}",esfera,nfs    ,NC_A,"sphere, clock face",,,,1,
esfero,{250938},esfero,nms    ,NC_O,"pen (Col, EC,)",,,,1,
especia,{43056},especia,nfs    ,NC_A,spice,,,,1,V
especio,{220685},espacio,n,NC_O,space,,,,1,V
espina,"{150551, 54612, 25463}",espina,nms    ,NC_A,"thorn, fishbone",,,,1,V
espino,{90996},espino,nms    ,NC_O,"hawthorn, buckthorn",,,,1,V
esposa,"{179520, 50754, 133229}",esposa,nfs    ,NC_A,spouse,1,,,,
esposo,"{57777, 212202, 54852}",esposo,n,NC_O,spouse,1,,,,
esta,{110983},esta,n,NC_A,?,,,,,
estada,{175606},estada,nfs    ,NC_A,"stay, sojourn",,,,1,V
estado,"{13224, 28216, 38030, 42039}",estado,nms    ,NC_O,"country, land, state",,,,1,V
estad√≠a,{12914},estad√≠a,nfs    ,NC_A,"stay, sojourn, demurrage",,,,,
estad√≠o,{116595},estad√≠o,n,NC_O,?,,,,,
estad√≠stica,"{53656, 12735}",estad√≠stica,nfs    ,NC_A,statistics; statistician,1,,,,Adj
estad√≠stico,"{61091, 163606}",estad√≠stico,nms    ,NC_O,statistician,1,,,,
estampida,{57143},estampida,nfs    ,NC_A,"stampede, fight, bag, crack",,,,1,
estampido,{163952},estampido,nms    ,NC_O,"crack, bang",,,,1,
estera,{108949},estera,nfs    ,NC_A,doormat,,,,1,V
estero,"{63352, 193099}",estero,nms    ,NC_O,"river delta, lagoon",,,,1,V
esto,{115008},esto,n,NC_O,?,,,,,
estra,{221475},estra,n,NC_A,?,,,,,
estrada,{166022},estrada,nfs    ,NC_A,road,,,,1,
estrado,{41256},estrado,nms    ,NC_O,"platform, court",,,,1,
estrena,{122094},estrena,nfs    ,NC_A,"gift, present, premiere",,,,1,V
estreno,"{49144, 5994, 123198, 80015}",estreno,nms    ,NC_O,premiere,,,,1,V
estro,{134916},estro,nms    ,NC_O,"gadfly, inspiration",,,,,
eurodiputada,{250948},eurodiputada,nfs    ,NC_A,member of EU parliament,1,,,,
eurodiputado,{75385},eurodiputado,nms    ,NC_O,member of EU parliament,1,,,,
eva,"{87960, 66923, 64206}",eva,np,NC_A,?,,,,,
evo,{84615},evo,nms    ,NC_O,eternity,,,,,
ex-novia,{130377},ex-novia,n,NC_A,ex-gf,1,,,,
ex-novio,{131185},ex-novio,n,NC_O,ex-bf,1,,,,
exempleada,{330032},exempleada,n,NC_A,former employee,1,,,,
exempleado,{152600},exempleado,n,NC_O,former employee,1,,,,
exesposa,{130978},exesposa,n,NC_A,ex-wife,1,,,,
exesposo,{186511},exesposo,n,NC_O,ex-husband,1,,,,
exita,{219973},√©xito,n,NC_O,?,,,,,
exito,"{176041, 169327}",√©xito,n,NC_O,success,,,,,
exministra,{121465},exministra,n,NC_A,ex-minister,1,,,,
exministro,{1210357},exministro,n,NC_O,ex-minister,1,,,,
experta,{14045},experta,n,NC_A,expert,1,,,,
experticia,{67661},experticia,nfs    ,NC_A,expertise (VZ),,,,,
experticio,{440289},experticio,n,NC_O,?,,,,,
experto,{42126},experto,nms    ,NC_O,expert,1,,,,
exsecretaria,{143410},exsecretaria,n,NC_A,ex-secretary,1,,,,
exsecretario,{70458},exsecretario,n,NC_O,ex-secretary,1,,,,
extranjera,{38263},extranjero,n,NC_O,Foreigner,1,,,,
extranjero,{80315},extranjero,nms    ,NC_O,Foreigner,1,,,,
faja,{182757},faja,nfs    ,NC_A,"strip, belot, corset, sash, lane of highway",,,,1,V
fajo,{116172},fajo,nms    ,NC_O,"bundle, wad",,,,1,V
falla,{95969},falla,nfs    ,NC_A,"flaw, failure, outage",,,,1,V
fallo,"{102720, 40609, 167506}",fallo,n,NC_O,"mistake, failure, ruling",,,,1,V
fanatica,{193642},fan√°tica,n,NC_A,fanatic,1,,,,
fanatico,{65834},fan√°tico,n,NC_O,fanatic,1,,,,
fasta,{134701},fasto,n,NC_O,Adj,,,,,
fastidia,{160522},fastidio,n,NC_O,V,,,,,
fastidio,"{39813, 95279}",fastidio,nms    ,NC_O,annoyance,,,,,
fasto,{250969},fasto,nms    ,NC_O,pageantry,,,,,
fauna,{77982},fauna,nfs    ,NC_A,fauna,,,,1,
fauno,{119663},fauno,nms    ,NC_O,faun,1,,,1,
favorita,"{23454, 370335}",favorita,n,NC_A,favorite,,,,,
favorito,"{179064, 11909}",favorito,nms    ,NC_O,favorite,,,,,
fernanda,{370346},fernanda,n,NC_A,?,,,,,
fernando,{700082},fernando,n,NC_O,?,,,,,
feta,"{1671058, 123388}",feta,nfs    ,NC_A,feta cheese,,,,1,
feto,{10486},feto,nms    ,NC_O,"fetus, hideous person (SP)",,,,1,
fila,"{83288, 147310}",fila,n,NC_A,"line, row, rank",,,,1,V
filo,"{184573, 14286}",filo,nms    ,NC_O,"edge, phylum",,,,1,V
fil√≥sofa,{54826},fil√≥sofo,n,NC_O,Philosopher,1,,,,
fil√≥sofo,"{160523, 47079, 45711}",fil√≥sofo,nms    ,NC_O,Philosopher,1,,,,
fisica,{52313},f√≠sica,n,NC_A,physicist,1,,,,
fisico,{51502},f√≠sico,n,NC_O,physicist,1,,,,
flora,"{141744, 52574, 10902}",flora,nfs    ,NC_A,flora,,,,1,V
floro,{143179},floro,n,NC_O,"(peru) lie, deceit",,,,1,V
fonda,{76526},fonda,nfs    ,NC_A,"small restaurant, boarding house, stall/canteen",,,,1,
fondo,"{13089, 59077}",fondo,nms    ,NC_O,"bottom, back, fund, ground",,,,1,
fora,{735320},fora,n,NC_A,?,,,,,
foro,"{735347, 12007}",foro,nms    ,NC_O,forum,,,,,
fosa,"{630136, 20876, 182287}",fosa,nfs    ,NC_A,"cavity, grave, pit",,,,1,V
foso,{48227},foso,nms    ,NC_O,"ditch, moat, trap",,,,1,V
fregada,{179076},fregada,nfs    ,NC_A,Adj,,,,,
fregado,{162196},fregado,nms    ,NC_O,"mop, trouble, argument",,,,,
fria,{100073},fria,n,NC_A,?,,,,,
frio,{20356},frio,n,NC_O,?,,,,,
frisa,{470087},frisa,nfs    ,NC_A,"frieze, (PR) blanket",,,,,V
friso,{213550},friso,nms    ,NC_O,"frieze, (PR) blanket",,,,,V
fruta,"{5760, 100774, 100870}",fruta,nfs    ,NC_A,Fruit,,,,1,V
fruto,"{46277, 28734}",fruto,n,NC_O,"any fruit from plant, any vegetable, profit from an activity",,,,1,V
fulana,"{87818, 230956}",fulana,nfs    ,NC_A,so-and-so,1,,,,
fulano,"{40100, 28174}",fulano,nms    ,NC_O,so-and-so,1,,,,
fumada,{182289},fumada,nfs    ,NC_A,puff (of cigarette),,,,,V/Adj
fumado,{158280},fumado,nms    ,NC_O,Adj/V,,,,,
funcionaria,{119378},funcionaria,n,NC_A,public official,1,,,,
funcionario,"{84434, 127772}",funcionario,nms    ,NC_O,public official,1,,,,
funda,{28603},funda,nfs    ,NC_A,"case, bag used to wrap and protect something",,,,1,V
fundo,"{145197, 77317}",fundo,nms    ,NC_O,"countryside, estate, farm",,,,1,V
f√≠sica,{5413},f√≠sica,nfs    ,NC_A,physicist,1,,,,
f√≠sico,"{6091, 76734}",f√≠sico,nms    ,NC_O,physicist,1,,,,
ga,"{157225, 290562, 220727}",ga,n,NC_A,,,,,,
gala,"{57045, 11981}",gala,nfs    ,NC_A,gala,,,,1,Adj
galena,{210856},galena,nfs    ,NC_A,doctor,1,,,,
galeno,{51908},galeno,n,NC_O,doctor,1,,,,
galilea,{183676},galilea,nfs    ,NC_A,?,,,,,
galileo,"{280076, 195302}",galileo,nms    ,NC_O,?,,,,,
galla,{1085391},gallo,n,NC_O,broad,1,,,,
galleguita,{1085399},galleguita,n,NC_A,little galician,1,,,,
galleguito,{735592},galleguito,n,NC_O,little galician,1,,,,
gallo,"{166052, 121935, 130195, 45621, 10230}",gallo,nms    ,NC_O,rooster,1,,,,
galo,"{140810, 119060}",galo,nms    ,NC_O,Gaulish Language,,,,1,Adj
gambita,{1085423},gambita,n,NC_A,?,,,,,
gambito,{290569},gambito,nms    ,NC_O,gambit,,,,,
gameta,{385025},gameta,n,NC_A,?,,,,,
gameto,{163622},gameto,nms    ,NC_O,gamete,,,,,
ganada,"{735616, 37442}",ganado,n,NC_O,"(AG) profit, gain, eranings",,,,1,Adj/V
ganado,"{46785, 24573}",ganado,n,NC_O,"livestock, cattle, swarm",,,,1,
gata,"{101076, 25501}",gata,nfs    ,NC_A,she-cat,1,,,,
gatita,{53031},gatito,n,NC_O,small cat,1,,,,
gatito,"{735685, 29150, 116471}",gatito,n,NC_O,small cat,1,,,,
gato,{38092},gato,nms    ,NC_O,cat,1,,,,
genia,{92959},genia,n,NC_A,?,,,,,
genio,"{6385, 148687}",genio,nms    ,NC_O,genius,1,,,,
gesta,{22549},gesta,nfs    ,NC_A,"feat, achievement, herioic deed",,,,1,V
gesto,{187981},gesto,nms    ,NC_O,"gesture, expression",,,,1,V
gimnasia,"{20872, 42478}",gimnasia,nfs    ,NC_A,Gymnastics,,,,1,
gimnasio,{84939},gimnasio,nms    ,NC_O,gymnasium,,,,1,
ginecologa,{102928},ginec√≥loga,n,NC_A,gynecologist,1,,,,
ginecologo,"{52557, 285966}",ginec√≥logo,n,NC_O,gynecologist,1,,,,
ginec√≥loga,{56711},ginec√≥logo,nfs    ,NC_O,gynecologist,1,,,,
ginec√≥logo,{183678},ginec√≥logo,nms    ,NC_O,gynecologist,1,,,,
gira,"{265677, 85847}",gira,nfs    ,NC_A,tour,,,,1,V
giro,"{5640, 1395762, 63667}",giro,nms    ,NC_O,"turn, spin, tour",,,,1,V
gitana,{65315},gitana,n,NC_A,gypsy,1,,,,
gitanilla,{200531},gitanilla,nfs    ,NC_A,little gypsy,1,,,,
gitanillo,{880250},gitanillo,n,NC_O,little gypsy,1,,,,
gitano,"{57458, 190997}",gitano,nms    ,NC_O,gypsy,1,,,,
go,{70461},go,n,NC_O,go game,,,,,
gorda,"{35017, 182778, 156291}",gorda,nfs    ,NC_A,fat woman,1,,,,
gordo,{51708},gordo,nms    ,NC_O,fat man,1,,,,
gorra,{20925},gorra,nfs    ,NC_A,"cap, ",,,,,
gorrita,{161531},gorrita,n,NC_A,beanie,,,,,
gorrito,{88395},gorrito,n,NC_O,"baby bonnet, (LA) condom",,,,,
gorro,{28520},gorro,nms    ,NC_O,"cap, hat",,,,,
grada,{38447},grada,nfs    ,NC_A,"staircase step, sieve, ",,,,1,V
grado,"{60938, 132003, 124231, 30743}",grado,nms    ,NC_O,"degree, grade, level, step",,,,1,V
grama,"{205497, 50002}",grama,nfs    ,NC_A,"grass, lawn (Carribean)",,,,1,
gramo,"{320132, 26076}",gramo,nms    ,NC_O,gram,,,,1,
gram√°tica,{77371},gram√°tica,nfs    ,NC_A,grammar,,,,1,Adj
gram√°tico,{187037},gram√°tico,nms    ,NC_O,grammarian,,,,1,Adj
grana,"{95282, 240999}",grana,nfs    ,NC_A,"seeding (planting of seeds)< cochineal, burgundy",,,,1,V
granizada,{142686},granizada,nfs    ,NC_A,hailstorm,,,,1,V
granizado,{193670},granizado,nms    ,NC_O,slushie,,,,1,V
grano,"{88889, 151178, 211543}",grano,nms    ,NC_O,grain,,,,1,V
grilla,{50200},grilla,n,NC_A,female cricket/ grill,,,,,
grillo,{178189},grillo,n,NC_O,cricket,,,,,
griter√≠a,{92709},griter√≠a,nfs    ,NC_A,"outcry, uproar",,,,,
griter√≠o,{77769},griter√≠o,nms    ,NC_O,"clamour, uproar",,,,,
grulla,{155962},grulla,nfs    ,NC_A,crane (bird),,,,,Adj
grullo,{1035355},grullo,nms    ,NC_O,Adj,,,,,
grupa,{125235},grupa,nfs    ,NC_A,haunch (of horses),,,,1,
grupo,{35339},grupo,nms    ,NC_O,"group, party",,,,1,
gr√°fica,"{13688, 76738}",gr√°fica,nfs    ,NC_A,"graph, graphic",,,,,
gr√°fico,"{55416, 11865}",gr√°fico,nms    ,NC_O,"graph, chart",,,,,Adj
guacamaya,{107384},guacamaya,nfs    ,NC_A,"Macaw (CA), Candle Bush (CB, Honduras)",,,,,
guacamayo,{180021},guacamayo,nms    ,NC_O,"Macaw (El Salvador, Honduras)",,,,,
guajira,"{123041, 175235, 290612, 64599}",guajira,nfs    ,NC_A,Adj,,,,,
guajiro,"{100872, 133238}",guajiro,nms    ,NC_O,Adj,,,,,
guan√°bana,{83022},guan√°bana,nfs    ,NC_A,soursop/ custard apple,,,,,
guan√°bano,{685067},guan√°bano,nms    ,NC_O,Tree,,,,,
guayaba,"{46921, 251026}",guayaba,nfs    ,NC_A,guava,,,,,V
guayabo,{216474},guayabo,nms    ,NC_O,guava tree,,,,,
guerca,{2704898},guerca,n,NC_A,?,,,,,
guerco,{2704901},guerco,n,NC_O,?,,,,,
guerrillera,{85772},guerrillera,n,NC_A,guerrilla fighter,1,,,,
guerrillero,"{24064, 141758}",guerrillero,nms    ,NC_O,guerrilla fighter,1,,,,
guinda,{46503},guinda,nms    ,NC_A,sour cherry,,,,,V
guindo,{182780},guindo,nms    ,NC_O,sour cherry tree,,,,,
guisa,{66463},guisa,nfs    ,NC_A,"manner, guise, way, habbit",,,,1,V
guiso,{41122},guiso,nms    ,NC_O,stew,,,,1,V
g√ºena,{685095},g√ºena,n,NC_A,person with sex appeal,1,,,,
g√ºeno,{445097},g√ºeno,n,NC_O,person with sex appeal,1,,,,
habanera,{145717},habanera,nfs    ,NC_A,person from havana,1,,,,
habanero,{148414},habanero,nms    ,NC_O,person from havana,1,,,,
hacha,"{28098, 186541}",hacha,nfs    ,NC_A,"axe, hatchet, ace, wizard; a kind of torch",,,,,V
hacho,{212246},hacho,nms    ,NC_O,V,,,,,
hada,"{77270, 285999}",hada,nfs    ,NC_A,"fairy, ",,,,1,
hado,{95683},hado,nms    ,NC_O,"fate, destiny",,,,1,
hagala,{1681029},hagala,n,NC_A,,,,,,
hagalo,{159540},hagalo,n,NC_O,,,,,,
hechicera,{88954},hechicera,nfs    ,NC_A,sorceress,1,,,,
hechicero,{45832},hechicero,nms    ,NC_O,sorcerer,1,,,,
helada,{64242},helada,nfs    ,NC_A,"frost, freezing, (SAL) handcuffs",,,,1,Adj/V
helado,"{14792, 188949, 108837, 49919}",helado,nms    ,NC_O,icecream,,,,1,Adj/V
helena,{167879},heleno,n,NC_O,hellen,1,,,,
heleno,{118454},heleno,n,NC_O,hellen,1,,,,
hermana,"{30762, 280138, 159231}",hermana,n,NC_A,sister,1,,,,
hermano,"{86232, 105313, 22622, 103367}",hermano,n,NC_O,brother,1,,,,
herrera,"{100875, 157606}",herrera,nfs    ,NC_A,blacksmith,1,,,,
herrero,{55776},herrero,nms    ,NC_O,blacksmith,1,,,,
hidra,"{133241, 183228}",hidra,nfs    ,NC_A,hydra (mythical creature),1,,,,
hidro,{191529},hidro,n,NC_O,hydra (mythical creature),1,,,,
hija,{13631},hijo,n,NC_O,child,1,,,,
hijita,"{140593, 42100}",hijita,n,NC_A,small child,1,,1,,
hijito,"{39659, 286022}",hijito,n,NC_O,small child,1,,1,,
hijo,"{27259, 218615, 40654, 130391}",hijo,nms    ,NC_O,child,1,,,,
hna,{120484},hna,n,NC_A,?,,,,,
hno,{92966},hermano,n,NC_O,?,,,,,
hoja,"{120672, 800176, 50958}",hoja,nfs    ,NC_A,"leaf, petal, blade, sheet, foil",,,,,
hojo,{365121},hojo,n,NC_O,?,,,,,
hom√≥nima,{161869},hom√≥nima,nfs    ,NC_A,Adj,,,,,
hom√≥nimo,{103039},hom√≥nimo,nms    ,NC_O,homonym,,,,,
hoya,{123048},hoya,nfs    ,NC_A,"pit, grave",,,,1,
hoyo,{179098},hoyo,nms    ,NC_O,hole,,,,1,
huma,{270805},huma,n,NC_A,(chile) tamale,,,,1,V
humana,"{13074, 52215}",humano,nj,NC_O,human,1,,,,
humano,{90618},humano,nms    ,NC_O,human,1,,,,
humo,"{95123, 5243, 90324, 162215}",humo,nms    ,NC_O,"smoke, steam, fume",,,,1,V
ide√≥loga,{320211},ide√≥logo,nfs    ,NC_O,ideologist,1,,,,
ide√≥logo,{51415},ide√≥logo,nms    ,NC_O,ideologist,1,,,,
idola,{550180},idola,n,NC_A,female idol,1,,,,
idolo,"{159552, 58579, 251064}",√≠dolo,n,NC_O,idol,1,,,,
impedimenta,{175256},impedimenta,nfs    ,NC_A,?,,,,,
impedimento,{13946},impedimento,nms    ,NC_O,"obstacle, impediment",,,,,
inactiva,{146797},inactivo,n,NC_O,adj/V,1,,,,
inactivo,{147882},inactivo,n,NC_O,Inactive person,1,,,,
incentiva,{81828},incentivo,n,NC_O,V,,,,,
incentivo,"{79649, 15215}",incentivo,nms    ,NC_O,incentive,,,,,
inc√≥gnita,{22191},inc√≥gnita,nfs    ,NC_A,adj,,,,,
inc√≥gnito,{77618},inc√≥gnito,nms    ,NC_O,"mystery, unknown",,,,,
ingeniera,"{915177, 134939}",ingeniera,n,NC_A,Engineer,1,,,,
ingeniero,{5577},ingeniero,nms    ,NC_O,engineer,1,,,,
inodora,{215059},inodoro,n,NC_O,adj,,,,,
inodoro,{29518},inodoro,n,NC_O,toilet,,,,,Adj
interna,{217262},interna,n,NC_A,patient,1,,,,
internada,{57725},internada,nfs    ,NC_A,intern,1,,,,
internado,{20137},internado,nms    ,NC_O,intern; boarding school,1,,,,
interno,"{64305, 13202, 217263}",interno,nms    ,NC_O,patient,1,,,,
ira,"{2745168, 65985, 62886}",ira,nfs    ,NC_A,"anger, ire, wrath, rage",,,,1,
iro,{2227704},iro,n,NC_O,mohawk,,,,1,
jabonada,{1530736},jabonada,nfs    ,NC_A,V,,,,,
jabonado,{1530737},jabonado,nms    ,NC_O,V,,,,,
jardinera,{82860},jardinera,nfs    ,NC_A,gardener,1,,,,
jardinero,{25306},jardinero,nms    ,NC_O,gardener,1,,,,
jarra,{41083},jarra,nfs    ,NC_A,"jug, pitcher, stein, mug",,,,,
jarro,{52188},jarro,nms    ,NC_O,"jug, pitcher, stein, mug",,,,,
jota,"{68481, 67699}",jota,nfs    ,NC_A,"iota, jack in a deck of cards; (MX)f*g",,1,,,
joto,{205550},joto,nms    ,NC_O,"f*g (MX, Honduras); joker, jack",,1,,,
jovencita,{27527},jovencita,n,NC_A,young person,1,,,,
jovencito,{37846},jovencito,n,NC_O,young person,1,,,,
juanita,"{2755176, 218660}",juanita,np,NC_A,Proper Name,1,,,,
juanito,{182804},juanito,np,NC_O,Proper Name,1,,,,
judia,{320299},jud√≠o,n,NC_O,Jew,1,,,,
judio,"{55314, 141773}",jud√≠o,n,NC_O,Jew,1,,,,
jud√≠a,"{118176, 10012}",jud√≠o,n,NC_O,Jew,1,,,,
jud√≠o,{107784},jud√≠o,nms    ,NC_O,Jew,1,,,,
julia,{130805},julia,np,NC_A,Proper Name,,,,,
julio,{241081},julio,nms    ,NC_O,July,,,,,
kasa,{177795},kasa,n,NC_A,?,,,,,
kaso,{286119},kaso,n,NC_O,?,,,,,
labia,{92076},labia,nfs    ,NC_A,"""gift of the gab"" (ability to talk readily",,,,1,
labio,"{360096, 21786}",labio,nms    ,NC_O,"lips, labia",,1,,1,
lada,"{118466, 152933}",lada,nfs    ,NC_A,?,,,,,
lado,{83195},lado,nms    ,NC_O,"side, face",,,,,
latina,{162937},latino,nj,NC_O,Latin,1,,,,
latino,"{77936, 25322, 186595, 48285}",latino,nms    ,NC_O,Latin,1,,,,
lauda,{1535730},lauda,nfs    ,NC_A,V,,,,,
laudo,{47149},laudo,nms    ,NC_O,"ruling, decision",,,,,
lavandera,{126472},lavandera,nfs    ,NC_A,wagtail; lavander seller; laundry woman,1,,,,
lavandero,{290777},lavandero,nms    ,NC_O,laundry man,1,,,,
lechera,{100691},lechera,nfs    ,NC_A,milkman,1,,,,
lechero,{109676},lechero,nms    ,NC_O,milkman,1,,,,
le√±a,"{231056, 11645, 86453}",le√±a,nfs    ,NC_A,"firewood, kindling",,,,1,V
le√±o,{82806},le√±o,nms    ,NC_O,"log, piece of wood, timber",,,,1,V
liberta,{130228},liberta,nfs    ,NC_A,free man,1,,,,
liberto,{181900},liberto,nms    ,NC_O,free man,1,,,,
libra,"{20280, 54467}",libra,nfs    ,NC_A,Libra (zodiac),,,,1,v
librada,{223911},librada,nfs    ,NC_A,liberated person,1,,,,
librado,{76147},librado,nms    ,NC_O,liberated person,1,,,,
librera,{143454},librero,n,NC_O,bookseller,1,,,,
librero,{36499},librero,nms    ,NC_O,"bookshelf, bookseller",1,,,,
libreta,"{115033, 14769}",libreta,nfs    ,NC_A,notebook,,,,1,
libreto,{24958},libreto,nms    ,NC_O,libretto (text of dramatic musical work),,,,1,
libro,"{12475, 53459}",libro,nms    ,NC_O,book,,,,1,v
licenciada,"{56546, 24764, 146814}",licenciado,n,NC_O,bachelor (obtained degree),1,,,,
licenciado,"{20736, 47650, 36701, 48286}",licenciado,n,NC_O,bachelor (obtained degree),1,,,,
lila,"{70010, 105635, 100405, 133679}",lila,n,NC_A,"lilac (flower/bush), lilac (color)",,,,,
lilo,{159577},lilo,nms    ,NC_O,Proper Name,,,,,
lima,"{92644, 23638}",lima,nms    ,NC_A,"lime, file (tool)",,,,1,V
lime√±a,{168291},lime√±a,nfs    ,NC_A,person from Lima,1,,,,
lime√±o,{186599},lime√±o,nms    ,NC_O,person from Lima,1,,,,
limo,{92970},limo,nms    ,NC_O,"mud, slime",,,,1,V
liquida,{52515},l√≠quido,nj,NC_O,Adj,,,,,Adj
liquido,"{61506, 28677}",l√≠quido,nj,NC_O,liquid,,,,,
lisa,"{106010, 36669}",lisa,nfs    ,NC_A,mullet,,,,,Adj/V
liso,{90704},liso,nms    ,NC_O,Adj/V,,,,,
literata,{224676},literato,n,NC_O,man of letters,1,,,,
literato,"{63820, 224677}",literato,nms    ,NC_O,man of letters,1,,,,
llamada,{160594},llamada,nfs    ,NC_A,call,,,,,
llamado,"{212310, 180983}",llamado,nms    ,NC_O,call,,,,,
llana,"{190040, 167209}",llana,nfs    ,NC_A,trowel,,,,1,Adj
llanera,{92563},llanero,n,NC_O,cowboy,1,,,,
llanero,{51776},llanero,nms    ,NC_O,cowboy,1,,,,
llano,"{91092, 28909}",llano,nms    ,NC_O,plain (grass),,,,1,Adj
loca,{12946},loca,nfs    ,NC_A,crazy person,1,,,,
loco,"{132867, 42717}",loco,nms    ,NC_O,crazy person,1,,,,
lola,{350214},lola,nfs    ,NC_A,"(CH) girl, (MX) breasts",1,,,,
lolo,{215096},lolo,n,NC_O,"(CH) boy,",1,,,,
loma,"{84626, 30667}",loma,nfs    ,NC_A,"hill, suburb",,,,1,
lomita,{118319},lomita,n,NC_A,small loma,,,,,
lomito,{146286},lomito,n,NC_O,small lomo,,,,,
lomo,"{620065, 156626}",lomo,nms    ,NC_O,"back (of body), loin, fillet, spine, crease, blunt edge",,,,1,
lora,{86392},lora,nfs    ,NC_A,parrot,1,,,,
loro,"{141296, 27659}",loro,nms    ,NC_O,parrot,1,,,,
ltima,{195939},ltima,n,NC_A,?,,,,,
ltimo,{105017},ltimo,n,NC_O,?,,,,,
luminaria,{84695},luminaria,nms    ,NC_A,"cigil fire, lamp, light, altar lamp, limunary, star, celebrity",,,,,
luminario,{395060},luminario,n,NC_O,?,,,,,
lupa,"{23832, 165077}",lupa,nfs    ,NC_A,magnifying glass,,,,,
lupo,{500035},lupo,n,NC_O,?,,,,,
l√≠a,{142963},l√≠a,nfs    ,NC_A,V,,,,,
l√≠o,"{455194, 67499, 13852}",l√≠o,nms    ,NC_O,"bundle, trouble, lover, ",,,,,V
l√∫cuma,{151533},l√∫cuma,nfs    ,NC_A,lucmo fruit,,,,,
l√∫cumo,{995356},l√∫cumo,nms    ,NC_O,?,,,,,
ma,"{42028, 122135}",ma,n,NC_A,mama,,,,,
madera,"{720105, 53820}",madera,nms    ,NC_A,"wood, wooden plank, makings",,,,,
madero,{39731},madero,nms    ,NC_O,"a piece of wood, police office (SP)",,,,,
maestra,"{152104, 49466, 175286}",maestra,nfs    ,NC_A,master,1,,,,
maestro,"{126659, 101396}",maestro,n,NC_O,master,1,,,,
maga,"{455270, 88202, 183279, 61425, 720124}",mago,n,NC_O,female magician; Puerto Rican Tree,1,,,,
magistrada,{62326},magistrado,n,NC_O,magistrate,1,,,,
magistrado,"{11825, 40332}",magistrado,nms    ,NC_O,magistrate,1,,,,
magnesia,{141079},magnesia,nfs    ,NC_A,magnesia (mineral),,,,1,
magnesio,"{82688, 15468}",magnesio,nms    ,NC_O,"magnesium, chalk",,,,1,
mago,"{51064, 535047, 14566, 156958}",mago,nms    ,NC_O,magician/magi,1,,,,
maja,{167215},maja,nfs    ,NC_A,Adj/V,,,,,
majo,"{177376, 215842}",majo,nms    ,NC_O,Adj/V,,,,,
malda,{360215},malda,n,NC_A,?,,,,,
maldo,{2790274},maldo,n,NC_O,?,,,,,
malparida,{286182},malparido,n,NC_O,asshole (person),1,,,,
malparido,{290832},malparido,n,NC_O,asshole (person),1,,,,
manda,"{54270, 360222}",manda,nfs    ,NC_A,vow,,,,1,V
mandata,{177380},mandata,n,NC_A,?,,,,,
mandataria,"{142262, 22911}",mandatario,n,NC_O,head of state,1,,,,
mandatario,"{24224, 52362}",mandatario,nms    ,NC_O,head of state,1,,,,
mandato,"{101186, 161221}",mandato,nms    ,NC_O,mandate,,,,,
mando,{87610},mando,nms    ,NC_O,"command, remote control (SP)",,,,1,V
manga,"{41970, 57634, 175287}",manga,n,NC_A,"sleeve, (tennis) set, manga",,,,1,V
mango,"{119999, 15452, 57462, 108599}",mango,nms    ,NC_O,"handle, mango (fruit and tree)",,,,1,V
manita,"{54568, 455305}",manita,nfs    ,NC_A,"little hand, (soccer) wave",,,1,,
manito,"{620243, 59613}",manito,n,NC_O,little hand,,,,,
manta,"{35001, 20115}",manta,nms    ,NC_A,"Blanket, cloth, poncho, fish trap",,,,,
mantilla,{87830},mantilla,nfs    ,NC_A,lace scarf worn in Spain,,,,1,
mantillo,{166834},mantillo,nms    ,NC_O,mulch,,,,1,
manto,"{11429, 157278}",manto,nms    ,NC_O,"shroud, cloak, layer, surface, blanket",,,,,
manzana,{65213},manzana,nfs    ,NC_A,apple,,,,,
manzano,"{79051, 395109}",manzano,nms    ,NC_O,apple tree,,,,,
mara,{37012},mara,nfs    ,NC_A,"people in one's in-group; crew, gang",,,,,
marca,{24973},marca,nfs    ,NC_A,"brand (of clothes)< mark, pring, record",,,,1,
marcela,{189012},marcela,np,NC_A,?,,,,,
marcelo,{170180},marcelo,n,NC_O,?,,,,,
marco,"{13953, 89266}",marco,nms    ,NC_O,"frame, fraemwork, ",,,,1,V
maria,{25529},maria,n,NC_A,?,,,,,
marica,"{1095310, 85262}",marica,nms    ,NC_A,f*g,1,,,,
marico,{167220},marico,n,NC_O,f*g,1,,,,
marina,"{100296, 22633, 78733, 855158, 13784, 855160}",marina,nfs    ,NC_A,navy ,,,,1,Adj/V
marinera,{124078},marinera,nfs    ,NC_A,"sailor, seaman",1,,,,
marinero,"{35833, 210948}",marinero,nms    ,NC_O,"sailor, seaman",1,,,,
marino,{28112},marino,nms    ,NC_O,"sailor, seaman",1,,,1,Adj/V
mario,{1095362},mario,n,NC_O,?,,,,,
maro,{1310456},maro,nms    ,NC_O,?,,,,,
marrana,{162950},marrana,nfs    ,NC_A,pig,,,,,
marrano,"{105768, 1310487}",marrano,nms    ,NC_O,pig,,,,,
martina,"{141083, 365453}",martina,np,NC_A,?,,,,,
martino,{185642},martino,n,NC_O,myrna bird,,,,,
maya,"{179617, 35290, 84949}",maya,nms    ,NC_A,"maya person, language",1,,,1,Adj
mayo,"{885348, 14677, 5542}",mayo,nms    ,NC_O,may,,,,1,V
maza,"{77009, 78734}",maza,nfs    ,NC_A,"mace, club, mallet, handle, drumstick",,,,,V
mazo,"{645112, 38348, 2800318}",mazo,nms    ,NC_O,"hammer, mallet, gavel, pestle",,,,,
ma√±a,"{58552, 90098}",ma√±a,nfs    ,NC_A,"someone from aragon; skill, aptitute, knack, trick, bad happit (LA)",1,,,,Adj/V
ma√±o,{395102},ma√±o,nms    ,NC_O,someone from aragon;,1,,,,Adj/V
mbia,{2800455},mbia,n,NC_A,?,,,,,
mbio,{1095800},mbio,n,NC_O,?,,,,,
mca,"{127041, 955242}",mca,n,NC_A,?,,,,,
mco,"{2800986, 2800987}",mco,n,NC_O,?,,,,,
mechera,{2263000},mechera,nfs    ,NC_A,?,,,,,
mechero,"{78784, 535220}",mechero,nms    ,NC_O,burner,,,,,
mec√°nica,"{645137, 10810, 84316}",mec√°nica,nfs    ,NC_A,mechanic,1,,,,
mec√°nico,"{211640, 25307}",mec√°nico,nms    ,NC_O,mechanic,1,,,,
media,"{83237, 132469, 24765, 105639}",media,nms    ,NC_A,"half, stocking, panythose, mean, average",,,,,Adj/V
medio,"{116201, 108731, 87975}",medio,nms    ,NC_O,"half, middle avg",,,,,
mela,{250106},mela,nfs    ,NC_A,"smitt, smit",,,,,
melo,"{169786, 100493, 1096127}",melo,np,NC_O,?,,,,,
mesa,{143222},mesa,nfs    ,NC_A,table,,,,,
meso,{212992},meso,n,NC_O,?,,,,,
mesonera,{420313},mesonera,nfs    ,NC_A,hotel owner,1,,,,
mesonero,{168304},mesonero,nms    ,NC_O,hotel owner,1,,,,
metaf√≠sica,"{14873, 51853}",metaf√≠sica,nfs    ,NC_A,metaphysician,1,,,,
metaf√≠sico,{77221},metaf√≠sico,nms    ,NC_O,metaphysician,1,,,,
mica,"{148736, 83566}",mica,nfs    ,NC_A,mica (mineral),,,,1,
mico,"{93140, 166119}",mico,nms    ,NC_O,"monkey, child, ugly person, vagina (NC)",,,,1,
microbi√≥loga,{320472},microbi√≥logo,nfs    ,NC_O,microbiologist,1,,,,
microbi√≥logo,{176140},microbi√≥logo,nms    ,NC_O,microbiologist,1,,,,
mija,"{100298, 176973}",hijo,n,NC_O,child,1,,,,
mijo,"{163309, 47598}",hijo,n,NC_O,child,1,,,,
millonaria,"{25832, 82010}",millonario,n,NC_O,millionare,1,,,,
millonario,"{23011, 217324, 86751}",millonario,n,NC_O,millionare,1,,,,
mina,{53624},mina,nfs    ,NC_A,"mine; (AG, Chile) Girl;  Prostitute (AG)",1,,,,
ministra,"{320485, 50206, 35439}",ministra,nfs    ,NC_A,minister,1,,,,
ministro,"{535360, 140627, 128660, 11646}",ministro,nms    ,NC_O,minister,1,,,,
mino,{130815},mino,n,NC_O,"(AG, Chile) boy",1,,,,
minuta,"{190066, 49943}",minuta,nfs    ,NC_A,"rought draft, bill, fee, list, minutes (of a meeting)",,,,1,
minuto,"{100792, 126488, 49315, 11207}",minuto,n,NC_O,minute,,,,1,
misa,"{6392, 13473, 119402}",misa,nfs    ,NC_A,mass (church),,,,1,V
miso,"{191090, 115908}",miso,n,NC_O,miso (food),,,,1,V
mita,"{86890, 183766}",mita,nfs    ,NC_A,?,,,,,
mito,"{30421, 84951}",mito,nms    ,NC_O,myth,,,,,
mo,"{123424, 70634}",mo,n,NC_O,,,,,,
moca,"{90490, 360322}",moca,nms    ,NC_A,V// misspelling of mocha???,,,,1,
moco,{26658},moco,nms    ,NC_O,"mucus, slime, ",,,,1,
mocosa,{201830},mocosa,nfs    ,NC_A,brat,1,,,,
mocoso,{108129},mocoso,nms    ,NC_O,brat,1,,,,
moda,"{84757, 36455}",moda,nfs    ,NC_A,"fashion, fad",,,,1,
modo,{20990},modo,nms    ,NC_O,"way, manner",,,,1,
mojala,{2815561},mojala,n,NC_A,?,,,,,
mojalo,{2815563},mojalo,n,NC_O,?,,,,,
molina,"{217330, 150628, 420367}",molino,n,NC_O,V,,,,,
molinera,{210967},molinero,n,NC_O,miller,1,,,,
molinero,{124256},molinero,nms    ,NC_O,miller,1,,,,
molino,{22243},molino,nms    ,NC_O,mill,,,,,
mona,"{165099, 51398}",mona,nfs    ,NC_A,"drunkenness, fuddle, female monkey",1,,,,
mono,"{64433, 12901}",mono,nms    ,NC_O,monkey,1,,,,
monta,{53625},monta,nfs    ,NC_A,"riding, mountain, total, importance",,,,1,V
montera,{142037},montera,nfs    ,NC_A,hunter,1,,,,
montero,{142038},montero,nms    ,NC_O,hunter,1,,,,
monto,{80264},monto,nms    ,NC_O,amount,,,,1,V
mora,"{23240, 37798}",mora,nfs    ,NC_A,"mulberry, blackberry, default, moor",1,,,,
morada,{140632},morada,nfs    ,NC_A,"abode, dwelling, resting place",,,,1,Adj
morado,{52285},morado,nms    ,NC_O,"purple, mulberry, bruise",,,,1,Adj
morena,"{47800, 35401}",morena,nfs    ,NC_A,dark skinner person,1,,,,
moreno,"{420384, 118946, 46228}",moreno,nms    ,NC_O,dark skinner person,1,,,,
moro,"{81480, 59499}",moro,nms    ,NC_O,moor,1,,,,
morocha,{90333},morocha,nfs    ,NC_A,"dark skinned person (AG, UG)",1,,,,
morocho,{111266},morocho,nms    ,NC_O,"dark skinned person (AG, UG)",1,,,,
morra,{182852},morra,nfs    ,NC_A,"upper part of head, morra (game), kid (MX)",,,,1,
morro,"{38848, 82011}",morro,nms    ,NC_O,"hilll, snout, mouth, pebble, headland, kid (MX)",,,,1,
mosca,"{150346, 110495}",mosca,nfs    ,NC_A,fly (insect),,,,1,V
mosco,{151552},mosco,n,NC_O,mosquito,,,,1,V
mosquita,{140002},mosquita,nfs    ,NC_A,little mosca,,,,,
mosquito,{24413},mosquito,nms    ,NC_O,little mosco,,,,,
mota,"{60472, 70013}",mota,nfs    ,NC_A,"speck, pill (of fabric), fluff",,,,1,
moto,"{60741, 6262, 147647}",moto,nms    ,NC_O,"short for motorcycle, milestone",,,,1,
moza,{66281},moza,n,NC_A,girl,1,,,,
mozo,"{29075, 217343, 133695}",mozo,nms    ,NC_O,boy,1,,,,
muchacha,"{133472, 68020, 260038}",muchacho,n,NC_O,girl,1,,,,
muchachita,{70014},muchachita,n,NC_A,little girl,1,,,,
muchachito,{50180},muchachito,n,NC_O,little boy,1,,,,
muchacho,"{5889, 38986, 115319}",muchacho,nms    ,NC_O,girl,1,,,,
muerta,"{124433, 21098}",muerto,n,NC_O,dead person,1,,,,
muerto,"{220882, 192676}",muerto,nms    ,NC_O,dead person,1,,,,
mula,{26193},mula,nfs    ,NC_A,"trash, mule",1,,,,
mulo,{110637},mulo,nms    ,NC_O,mule,1,,,,
musica,{88135},m√∫sica,n,NC_A,musician,1,,,,
musico,{76958},m√∫sico,n,NC_O,musician,1,,,,
mu√±eca,{11225},mu√±eca,nfs    ,NC_A,doll,,,,,
mu√±eco,{20771},mu√±eco,nms    ,NC_O,doll,,,,,
m√°xima,"{110354, 11612}",m√°xima,nfs    ,NC_A,maximum,,,,,Adj
m√°ximo,"{68138, 49411}",m√°ximo,nms    ,NC_O,maximum,,,,,
m√≠stica,"{22443, 157294}",m√≠stica,nfs    ,NC_A,mystic,1,,,,
m√≠stico,"{43339, 224715}",m√≠stico,nms    ,NC_O,mystic,1,,,,
m√∫sica,"{21380, 15039}",m√∫sica,nfs    ,NC_A,musician,1,,,,
m√∫sico,{107286},m√∫sico,nms    ,NC_O,musician,1,,,,
naranja,"{14099, 80142}",naranja,n,NC_A,orange,,,,,
naranjo,"{58218, 67934}",naranjo,nms    ,NC_O,orange tree,,,,,
nea,{108865},neo,n,NC_O,?,,,,,Adj
negociada,{77990},negociado,n,NC_O,?,,,,,
negociado,"{1045307, 110499, 56567}",negociado,nms    ,NC_O,?,,,,,
negra,"{20761, 86754}",negra,nfs    ,NC_A,black person,1,,,,
negrita,"{38235, 81887}",negrita,nfs    ,NC_A,small black person,1,,,,
negrito,"{118800, 218063, 59079}",negrito,nms    ,NC_O,small black person,1,,,,
negro,{1315522},negro,nms    ,NC_O,black person,1,,,,
neo,"{232004, 77062, 250162, 119097, 49467}",neo,n,NC_O,anchor,,,,,
neur√≥loga,{145522},neur√≥logo,nfs    ,NC_O,neurologist,1,,,,
neur√≥logo,{38296},neur√≥logo,nms    ,NC_O,neurologist,1,,,,
ni?a,{151847},ni?a,n,NC_A,?,,,,,
ni?o,{70560},ni?o,n,NC_O,?,,,,,
nina,{184244},ni√±o,n,NC_O,boy,1,,,,
nino,"{51764, 193796}",nino,n,NC_O,male doll,1,,,,
ni√±ata,{188077},ni√±ata,nfs    ,NC_A,kid,1,,,,
ni√±ato,{106954},ni√±ato,nms    ,NC_O,kid,1,,,,
ni√±ita,{47772},ni√±ita,n,NC_A,small child,1,,,,
ni√±ito,{57678},ni√±ito,n,NC_O,small child,1,,,,
nosotra,{740191},nosotra,n,NC_A,?,,,,,
nosotro,{118484},nosotro,n,NC_O,?,,,,,
notaria,{109444},notaria,nfs    ,NC_A,notary,1,,,,
notario,"{35712, 14443}",notario,nms    ,NC_O,notary,1,,,,
novia,"{133699, 76541}",novia,nfs    ,NC_A,girlfriend,1,,,,
novicia,{152397},novicia,nfs    ,NC_A,novice,1,,,,
novicio,{110361},novicio,nms    ,NC_O,novice,1,,,,
noviecita,{230353},noviecita,n,NC_A,,,,,,
noviecito,{210988},noviecito,n,NC_O,,,,,,
novio,"{176994, 122741}",novio,nms    ,NC_O,,,,,,
nuclea,{86527},n√∫cleo,n,NC_O,,,,,,
nucleo,{79573},n√∫cleo,n,NC_O,,,,,,
nuesra,{760135},nuesra,n,NC_A,,,,,,
nuesro,{560227},nuesro,n,NC_O,,,,,,
nueva,"{5520, 67896}",nueva,nfs    ,NC_A,,,,,,
nuevo,{760139},nuevo,nms    ,NC_O,,,,,,
nutri√≥loga,{134977},nutri√≥logo,n,NC_O,,,,,,
nutri√≥logo,{131648},nutri√≥logo,n,NC_O,,,,,,
obsecionada,{760221},obsecionada,n,NC_A,,,,,,
obsecionado,{1160440},obsecionado,n,NC_O,,,,,,
occisa,{134114},occiso,n,NC_O,,,,,,
occiso,"{108376, 76394}",occiso,n,NC_O,,,,,,
odont√≥loga,{156034},odont√≥logo,nfs    ,NC_O,,,,,,
odont√≥logo,{168320},odont√≥logo,nms    ,NC_O,,,,,,
oliva,"{110501, 148200, 11433, 213038, 76851}",oliva,nfs    ,NC_A,,,,,,
olivo,"{92657, 35092}",olivo,nms    ,NC_O,,,,,,
onagra,{156038},onagra,nfs    ,NC_A,,,,,,
onagro,{760394},onagro,nms    ,NC_O,,,,,,
onc√≥loga,{215919},onc√≥logo,nfs    ,NC_O,,,,,,
onc√≥logo,{61221},onc√≥logo,nms    ,NC_O,,,,,,
opa,{189556},opa,nms    ,NC_A,,,,,,
opo,{218078},opo,n,NC_O,,,,,,
optica,"{88290, 181506}",√≥ptica,n,NC_A,,,,,,
optico,{760447},optico,n,NC_O,,,,,,
oratoria,{224760},oratoria,nfs    ,NC_A,,,,,,
oratorio,{81109},oratorio,nms    ,NC_O,,,,,,
orca,"{107184, 245166}",orca,nfs    ,NC_A,,,,,,
orco,{167241},orco,n,NC_O,,,,,,
osa,"{135193, 143965}",osa,nfs    ,NC_A,,,,,,
oso,"{58220, 158983}",oso,n,NC_O,,,,,,
ostra,{88775},ostra,nfs    ,NC_A,,,,,,
ostro,{805294},ostro,nms    ,NC_O,,,,,,
ova,"{176587, 241199}",ova,nfs    ,NC_A,,,,,,
ovo,{179189},ovo,n,NC_O,,,,,,
pa,"{27034, 38868, 760623}",pa,n,NC_A,,,,,,
paca,{193274},paca,nfs    ,NC_A,,,,,,
paco,{141807},paco,np,NC_O,,,,,,
paga,"{223211, 11926}",paga,nfs    ,NC_A,,,,,,
pago,"{88776, 805431, 37015}",pago,nms    ,NC_O,,,,,,
pajarita,{91541},pajarita,nfs    ,NC_A,,,,,,
pajarito,"{29424, 142049}",pajarito,nms    ,NC_O,,,,,,
pala,"{210362, 26845}",pala,nfs    ,NC_A,,,,,,
palabrer√≠a,{42849},palabrer√≠a,nfs    ,NC_A,,,,,,
palabrer√≠o,{148206},palabrer√≠o,n,NC_O,,,,,,
paleta,{20470},paleta,nfs    ,NC_A,,,,,,
paleto,{160251},paleto,nms    ,NC_O,,,,,,
palo,{192129},palo,nms    ,NC_O,,,,,,
paloma,{27096},paloma,nfs    ,NC_A,,,,,,
palomo,{155420},palomo,nms    ,NC_O,,,,,,
palta,{53859},palta,nms    ,NC_A,,,,,,
palto,{187615},palto,nms    ,NC_O,,,,,,
panadera,{145770},panadera,nfs    ,NC_A,,,,,,
panadero,{45937},panadero,nms    ,NC_O,,,,,,
papa,{55470},papa,nms    ,NC_A,,,,,,
papada,{100211},papada,nfs    ,NC_A,,,,,,
papado,{75566},papado,nms    ,NC_O,,,,,,
papita,{205027},papita,n,NC_A,,,,,,
papito,"{58586, 105783}",papito,n,NC_O,,,,,,
papo,{189567},papo,nms    ,NC_O,,,,,,
para,"{760762, 54773}",para,n,NC_A,,,,,,
parada,"{120523, 241206}",parada,nfs    ,NC_A,,,,,,
parado,{29849},parado,nms    ,NC_O,,,,,,
pareja,"{52520, 1555743}",pareja,nfs    ,NC_A,,,,,,
parejo,{66581},parejo,n,NC_O,,,,,,
paria,{64079},paria,nms    ,NC_A,,,,,,
pario,{78695},pario,n,NC_O,,,,,,
paro,"{52408, 133277}",paro,n,NC_O,,,,,,
partera,{57994},partera,n,NC_A,,,,,,
partero,{216633},partero,nms    ,NC_O,,,,,,
partida,"{133489, 92010, 50311}",partido,n,NC_O,,,,,,
partido,"{133924, 224780, 67671, 14895}",partido,n,NC_O,,,,,,
pasa,{38284},paso,n,NC_O,,,,,,
pasada,"{12867, 76396, 48927}",pasada,nfs    ,NC_A,,,,,,
pasado,{127821},pasado,nms    ,NC_O,,,,,,
pasajera,{91611},pasajera,nfs    ,NC_A,,,,,,
pasajero,"{14276, 205031}",pasajero,nms    ,NC_O,,,,,,
pasea,{176594},paseo,n,NC_O,,,,,,
paseo,"{5867, 46446}",paseo,nms    ,NC_O,,,,,,
pasiva,{54377},pasiva,nfs    ,NC_A,,,,,,
pasivo,"{143242, 245187, 25975}",pasivo,nms    ,NC_O,,,,,,
paso,"{100611, 42341, 13258, 166865, 141330, 39411}",paso,nms    ,NC_O,,,,,,
pasta,"{48305, 6019}",pasta,nfs    ,NC_A,,,,,,
pasto,"{145776, 169817}",pasto,n,NC_O,,,,,,
pata,"{134120, 1956475}",pata,nms    ,NC_A,,,,,,
patita,{68409},patita,n,NC_A,,,,,,
patito,{54322},patito,nms    ,NC_O,,,,,,
pato,{42119},pato,nms    ,NC_O,,,,,,
patricia,"{610188, 87837}",patricio,np,NC_O,,,,,,
patricio,"{93397, 24587, 91101, 218094}",patricio,nms    ,NC_O,,,,,,
pava,{140646},pava,nfs    ,NC_A,,,,,,
pavo,"{82993, 150645}",pavo,nms    ,NC_O,,,,,,
pedagoga,{115056},pedagoga,nfs    ,NC_A,,,,,,
pedagogo,{47439},pedagogo,nms    ,NC_O,,,,,,
pela,"{106025, 49063}",pela,nfs    ,NC_A,,,,,,
pelo,"{102440, 22202, 164405}",pelo,n,NC_O,,,,,,
peluquera,{119268},peluquero,n,NC_O,,,,,,
peluquero,{45113},peluquero,nms    ,NC_O,,,,,,
pena,"{78328, 92575}",pena,nfs    ,NC_A,,,,,,
penca,{90780},penca,nfs    ,NC_A,,,,,,
penco,{218780},penco,nms    ,NC_O,,,,,,
penitenciaria,{143974},penitenciaria,nfs    ,NC_A,,,,,,
penitenciario,{171362},penitenciario,nms    ,NC_O,,,,,,
peno,{610256},peno,n,NC_O,,,,,,
pepita,{105035},pepita,nfs    ,NC_A,,,,,,
pepito,{107191},pepito,nms    ,NC_O,,,,,,
pera,"{27344, 130066}",pera,nfs    ,NC_A,,,,,,
peregrina,{150371},peregrina,nfs    ,NC_A,,,,,,
peregrino,"{200702, 42951}",peregrino,nms    ,NC_O,,,,,,
periodista,"{86062, 12902}",periodista,nms    ,NC_A,,,,,,
periodisto,{660070},periodisto,n,NC_O,,,,,,
permitia,{219480},permitia,n,NC_A,,,,,,
permitio,{152416},permitio,n,NC_O,,,,,,
pero,"{77225, 29163}",pero,nms    ,NC_O,,,,,,
perra,"{162988, 13695}",perra,nfs    ,NC_A,,,,,,
perro,"{36672, 91844}",perro,nms    ,NC_O,,,,,,
pesa,{41511},pesa,nfs    ,NC_A,,,,,,
peso,"{106249, 35291}",peso,nms    ,NC_O,,,,,,
pesquera,{224043},pesquera,nfs    ,NC_A,,,,,,
pesquero,{122309},pesquero,nms    ,NC_O,,,,,,
petarda,{200704},petarda,nfs    ,NC_A,,,,,,
petardo,{82694},petardo,nms    ,NC_O,,,,,,
peticionaria,{146325},peticionario,n,NC_O,,,,,,
peticionario,{52033},peticionario,nms    ,NC_O,,,,,,
pica,"{189584, 176182, 66319}",pica,nfs    ,NC_A,,,,,,
pico,"{24419, 184271}",pico,n,NC_O,,,,,,
pimienta,"{164761, 40509}",pimiento,n,NC_O,,,,,,
pimiento,{187628},pimiento,n,NC_O,,,,,,
pina,{178288},pi√±a,n,NC_A,,,,,,
pincha,{64149},pincha,np,NC_A,,,,,,
pincho,{87839},pincho,nms    ,NC_O,,,,,,
pino,"{66752, 75109, 25773}",pino,nms    ,NC_O,,,,,,
pisa,{115059},pisa,nfs    ,NC_A,,,,,,
pisca,"{2308129, 2308130, 151869}",pisco,n,NC_O,,,,,,
pisco,"{46969, 91394}",pisco,nms    ,NC_O,,,,,,
piso,"{222464, 116358}",piso,n,NC_O,,,,,,
pista,"{88350, 50815}",pista,n,NC_A,,,,,,
pisto,{53038},pisto,nms    ,NC_O,,,,,,
pita,"{76693, 215199}",pita,nfs    ,NC_A,,,,,,
pito,"{179209, 176187}",pito,nms    ,NC_O,,,,,,
pizca,{20661},pizca,nfs    ,NC_A,,,,,,
pizco,{610410},pizco,nms    ,NC_O,,,,,,
plana,"{28132, 86325, 150094}",plana,nfs    ,NC_A,,,,,,
plano,"{240316, 64310}",plano,nms    ,NC_O,,,,,,
plaza,"{58832, 140874}",plaza,n,NC_A,,,,,,
plazo,"{110786, 15107, 186186, 51957, 141336, 83519}",plazo,n,NC_O,,,,,,
plenaria,{47207},plenaria,n,NC_A,,,,,,
plenario,{140429},plenario,n,NC_O,,,,,,
pl√°stica,"{220964, 41095}",pl√°stica,nfs    ,NC_A,,,,,,
pl√°stico,"{146328, 5638}",pl√°stico,nms    ,NC_O,,,,,,
po,"{107656, 48127}",po,n,NC_O,,,,,,
polea,{78739},polea,nfs    ,NC_A,,,,,,
poleo,{200103},poleo,nms    ,NC_O,,,,,,
politica,{100613},politica,n,NC_A,,,,,,
politico,{59303},politico,n,NC_O,,,,,,
politiquera,{128686},politiquero,n,NC_O,,,,,,
politiquero,"{151259, 148222}",politiquero,n,NC_O,,,,,,
polla,{47954},polla,nfs    ,NC_A,,,,,,
pollera,"{163737, 47972}",pollera,nfs    ,NC_A,,,,,,
pollero,{217405},pollero,nms    ,NC_O,,,,,,
pollo,"{132688, 5873, 50250}",pollo,nms    ,NC_O,,,,,,
polola,{81662},polola,n,NC_A,,,,,,
pololo,{48459},pololo,nms    ,NC_O,,,,,,
popa,{245222},popa,nfs    ,NC_A,,,,,,
popo,{107907},popo,n,NC_O,,,,,,
portera,{960324},portera,nfs    ,NC_A,,,,,,
portero,{108749},portero,n,NC_O,,,,,,
portezuela,{181979},portezuela,nfs    ,NC_A,,,,,,
portezuelo,{235658},portezuelo,nms    ,NC_O,,,,,,
posa,{223258},poso,n,NC_O,,,,,,
poso,{64442},poso,nms    ,NC_O,,,,,,
pota,{210401},pota,nfs    ,NC_A,,,,,,
poto,{92734},poto,nms    ,NC_O,,,,,,
potra,{159000},potra,nfs    ,NC_A,,,,,,
potro,"{40365, 49319}",potro,nms    ,NC_O,,,,,,
prendia,{196020},prendia,n,NC_A,,,,,,
prendio,{125283},prendio,n,NC_O,,,,,,
prepaga,"{130653, 188631}",prepago,n,NC_O,,,,,,
prepago,"{205069, 68261, 37887}",prepago,n,NC_O,,,,,,
presa,{107658},presa,nfs    ,NC_A,,,,,,
preso,"{126513, 45564}",preso,n,NC_O,,,,,,
prima,"{101104, 92274, 13893}",prima,n,NC_A,,,,,,
primeriza,{205699},primeriza,nfs    ,NC_A,,,,,,
primerizo,{175768},primerizo,nms    ,NC_O,,,,,,
primo,"{10784, 189105, 80207}",primo,nms    ,NC_O,,,,,,
primog√©nita,"{1165387, 125124}",primog√©nita,nfs    ,NC_A,,,,,,
primog√©nito,{29707},primog√©nito,nms    ,NC_O,,,,,,
prisionera,{75710},prisionero,n,NC_O,,,,,,
prisionero,"{132691, 67468}",prisionero,n,NC_O,,,,,,
privada,{23093},privada,nfs    ,NC_A,,,,,,
privado,{162313},privado,nms    ,NC_O,,,,,,
promedia,{118070},promedio,n,NC_O,,,,,,
promedio,"{315024, 14961, 6378, 286437}",promedio,n,NC_O,,,,,,
propietaria,{20558},propietaria,n,NC_A,,,,,,
propietario,{116216},propietario,nms    ,NC_O,,,,,,
prota,{59529},prota,n,NC_A,,,,,,
protesta,{163362},protesta,nfs    ,NC_A,,,,,,
protesto,{89283},protesto,nms    ,NC_O,,,,,,
proto,{221751},proto,n,NC_O,,,,,,
pr√°ctica,"{52764, 140254}",pr√°ctica,nfs    ,NC_A,,,,,,
pr√°ctico,{36297},pr√°ctico,nms    ,NC_O,,,,,,
psicologa,{159323},psic√≥logo,n,NC_O,,,,,,
psicologo,"{177449, 66550}",psic√≥logo,n,NC_O,,,,,,
psic√≥loga,"{76209, 46355, 160643}",psic√≥logo,n,NC_O,,,,,,
psic√≥logo,"{76805, 61277, 143722}",psic√≥logo,nms    ,NC_O,,,,,,
puerca,{121511},puerca,nfs    ,NC_A,,,,,,
puerco,"{215986, 51986}",puerco,nms    ,NC_O,,,,,,
puerta,{133715},puerta,n,NC_A,,,,,,
puerto,"{66552, 55105, 79773, 157007}",puerto,nms    ,NC_O,,,,,,
puesta,"{305285, 14246}",puesta,nfs    ,NC_A,,,,,,
puesto,"{192751, 131252, 60239}",puesto,nms    ,NC_O,,,,,,
puja,{38106},puja,nfs    ,NC_A,,,,,,
pujo,{216689},pujo,nms    ,NC_O,,,,,,
pulpa,{22606},pulpa,nfs    ,NC_A,,,,,,
pulpo,"{29387, 120534}",pulpo,nms    ,NC_O,,,,,,
puna,{118073},puna,nfs    ,NC_A,,,,,,
puno,{120027},pu√±o,n,NC_O,,,,,,
punta,"{103185, 245242, 46700, 50470}",punta,nfs    ,NC_A,,,,,,
puntera,{119579},puntera,nfs    ,NC_A,,,,,,
puntero,{28841},puntero,nms    ,NC_O,,,,,,
puntilla,{67986},puntilla,nfs    ,NC_A,,,,,,
puntillo,{169103},puntillo,nms    ,NC_O,,,,,,
puntita,{118821},puntita,n,NC_A,,,,,,
puntito,{48949},puntito,n,NC_O,,,,,,
punto,"{53347, 54899, 83645}",punto,n,NC_O,,,,,,
puta,"{26500, 120718}",puta,nfs    ,NC_A,,,,,,
puto,{213783},puto,nms    ,NC_O,,,,,,
qua,{200735},qua,n,NC_A,,,,,,
quiebra,{320744},quiebra,nfs    ,NC_A,,,,,,
quiebro,{195504},quiebro,nms    ,NC_O,,,,,,
quimica,{88353},qu√≠mica,n,NC_A,,,,,,
quimico,{189117},qu√≠mico,n,NC_O,,,,,,
quiropr√°ctica,"{184296, 156393}",quiropr√°ctica,nfs    ,NC_A,,,,,,
quiropr√°ctico,{135202},quiropr√°ctico,nms    ,NC_O,,,,,,
quo,{78167},quo,n,NC_O,,,,,,
qu√≠mica,{29187},qu√≠mica,nfs    ,NC_A,,,,,,
qu√≠mico,{21584},qu√≠mico,nms    ,NC_O,,,,,,
rada,"{122321, 122451}",rada,nfs    ,NC_A,,,,,,
rado,{495063},rado,n,NC_O,,,,,,
rama,"{6520, 41683, 305308}",rama,nfs    ,NC_A,,,,,,
ramo,{13596},ramo,nms    ,NC_O,,,,,,
ranchera,{131867},ranchera,nfs    ,NC_A,,,,,,
ranchero,"{143256, 600082}",ranchero,nms    ,NC_O,,,,,,
raspada,{570196},raspada,nfs    ,NC_A,,,,,,
raspado,{101794},raspado,nms    ,NC_O,,,,,,
rastra,"{135203, 570198}",rastra,nfs    ,NC_A,,,,,,
rastro,"{11336, 143500}",rastro,nms    ,NC_O,,,,,,
rata,{63519},rata,nms    ,NC_A,,,,,,
rato,"{240361, 101899}",rato,nms    ,NC_O,,,,,,
raya,"{14874, 158381}",raya,nfs    ,NC_A,,,,,,
rayita,{102322},rayita,n,NC_A,,,,,,
rayito,{100707},rayito,n,NC_O,,,,,,
rayo,"{37418, 164091, 147677}",rayo,nms    ,NC_O,,,,,,
rea,{131254},reo,n,NC_O,,,,,,
reata,{221763},reata,nfs    ,NC_A,,,,,,
reato,{164426},reato,n,NC_O,,,,,,
rebaja,{20810},rebaja,nfs    ,NC_A,,,,,,
rebajo,{2905752},rebajo,nms    ,NC_O,,,,,,
reconocia,{250301},reconocia,n,NC_A,,,,,,
reconocio,{161281},reconocio,n,NC_O,,,,,,
recordatoria,{600179},recordatorio,n,NC_O,,,,,,
recordatorio,"{600180, 92090, 184308, 24775}",recordatorio,nms    ,NC_O,,,,,,
recrea,{163018},recreo,n,NC_O,,,,,,
recreo,"{22368, 130080, 156703}",recreo,nms    ,NC_O,,,,,,
recta,"{14814, 222519}",recta,nfs    ,NC_A,,,,,,
recto,{22154},recto,nms    ,NC_O,,,,,,
refrenda,{335029},refrenda,n,NC_A,,,,,,
refrendo,{101411},refrendo,nms    ,NC_O,,,,,,
regala,"{220250, 124110}",regala,nfs    ,NC_A,,,,,,
regalo,"{64872, 117064}",regalo,nms    ,NC_O,,,,,,
reina,"{195520, 6034, 15046}",reina,nfs    ,NC_A,,,,,,
reino,{10339},reino,nms    ,NC_O,,,,,,
rellena,{181101},rellena,nfs    ,NC_A,,,,,,
relleno,"{145290, 425011, 12021}",relleno,nms    ,NC_O,,,,,,
remera,{39756},remera,nfs    ,NC_A,,,,,,
remero,{161979},remero,nms    ,NC_O,,,,,,
renuncia,"{6497, 142771, 158062}",renuncia,nfs    ,NC_A,,,,,,
renuncio,{156398},renuncio,nms    ,NC_O,,,,,,
reo,"{26288, 121369}",reo,nms    ,NC_O,,,,,,
reportera,"{108152, 36739}",reportera,n,NC_A,,,,,,
reportero,"{81249, 161650, 14599}",reportero,nms    ,NC_O,,,,,,
repostera,{166900},repostero,n,NC_O,,,,,,
repostero,{211099},repostero,nms    ,NC_O,,,,,,
respondia,{181106},respondia,n,NC_A,,,,,,
respondio,{110384},respondio,n,NC_O,,,,,,
resta,{50027},resta,nfs    ,NC_A,,,,,,
resto,"{124114, 83706}",resto,nms    ,NC_O,,,,,,
retrata,{193891},retrata,n,NC_A,,,,,,
retrato,"{68106, 215266}",retrato,nms    ,NC_O,,,,,,
ret√≠cula,{127653},ret√≠cula,nfs    ,NC_A,,,,,,
ret√≠culo,{100620},ret√≠culo,nms    ,NC_O,,,,,,
ret√≥rica,"{12977, 120210}",ret√≥rica,nfs    ,NC_A,,,,,,
ret√≥rico,{150677},ret√≥rico,nms    ,NC_O,,,,,,
reversa,{55038},reverso,nj,NC_O,,,,,,
reverso,"{335060, 29734}",reverso,nms    ,NC_O,,,,,,
ria,{215270},ria,n,NC_A,,,,,,
ricina,{160302},ricina,n,NC_A,,,,,,
ricino,{116087},ricino,nms    ,NC_O,,,,,,
rima,{158397},rima,nfs    ,NC_A,,,,,,
rimo,{380049},rimo,n,NC_O,,,,,,
rio,"{2920800, 155459, 2920797}",rio,n,NC_O,,,,,,
ritualistica,{2338187},ritualistica,n,NC_A,,,,,,
ritualistico,{2338189},ritualistico,n,NC_O,,,,,,
rivera,"{62858, 2338279}",ribera,n,NC_A,,,,,,
rivero,{2338300},rivero,n,NC_O,,,,,,
roberta,{1981544},roberta,n,NC_A,,,,,,
roberto,"{1981557, 61636, 146085, 245286}",roberto,np,NC_O,,,,,,
rocaza,{1981682},rocaza,n,NC_A,,,,,,
rocazo,{1981683},rocazo,n,NC_O,,,,,,
rodea,{56695},rodea,n,NC_A,,,,,,
rodeo,"{183387, 42550}",rodeo,nms    ,NC_O,,,,,,
rodilla,{189143},rodilla,nfs    ,NC_A,,,,,,
rodillo,{40444},rodillo,nms    ,NC_O,,,,,,
romana,"{109971, 75718}",romana,nfs    ,NC_A,,,,,,
romano,"{46740, 59085}",romano,nms    ,NC_O,,,,,,
rosada,"{146603, 146883}",rosada,nfs    ,NC_A,,,,,,
rosado,"{58114, 275151}",rosado,nms    ,NC_O,,,,,,
rota,"{125990, 107086}",rota,nfs    ,NC_A,,,,,,
rotativa,{162329},rotativa,nfs    ,NC_A,,,,,,
rotativo,{38176},rotativo,nms    ,NC_O,,,,,,
roto,{56214},roto,nms    ,NC_O,,,,,,
roya,{53994},roya,nfs    ,NC_A,,,,,,
royo,"{212468, 187212}",royo,n,NC_O,,,,,,
rubia,{22018},rubia,nfs    ,NC_A,,,,,,
rubio,{48994},rubio,nms    ,NC_O,,,,,,
rueda,"{45194, 180659}",rueda,nfs    ,NC_A,,,,,,
ruedo,{24177},ruedo,nms    ,NC_O,,,,,,
rumba,"{123776, 132707, 30940}",rumba,nfs    ,NC_A,,,,,,
rumbo,"{65592, 205753, 23218, 196060}",rumbo,n,NC_O,,,,,,
r√≠a,{62761},r√≠a,nfs    ,NC_A,,,,,,
r√≠o,"{2920808, 2920804, 2920806}",r√≠o,nms    ,NC_O,,,,,,
saca,"{25789, 26295}",saca,nfs    ,NC_A,,,,,,
saco,{142088},saco,nms    ,NC_O,,,,,,
saluda,{95392},saluda,nms    ,NC_A,,,,,,
saludo,"{50133, 59021}",saludo,nms    ,NC_O,,,,,,
salvada,{221064},salvada,n,NC_A,,,,,,
salvado,"{58905, 123596}",salvado,nms    ,NC_O,,,,,,
samaritana,"{67905, 178340}",samaritano,n,NC_O,,,,,,
samaritano,"{59777, 220290, 212473}",samaritano,nms    ,NC_O,,,,,,
santa,"{12431, 49968, 211794, 580055, 580056, 21020}",santa,n,NC_A,,,,,,
santera,{161992},santero,n,NC_O,,,,,,
santero,"{285057, 101522, 785155, 785156}",santero,nms    ,NC_O,,,,,,
santo,"{107088, 14329, 90866, 5899}",santo,nms    ,NC_O,,,,,,
sapa,{211797},sapa,nfs    ,NC_A,,,,,,
sapo,"{27122, 117333}",sapo,nms    ,NC_O,,,,,,
saya,{101316},saya,nfs    ,NC_A,,,,,,
sayo,{116932},sayo,nms    ,NC_O,,,,,,
segura,"{28737, 81118}",segura,n,NC_A,,,,,,
seguro,{65187},seguro,nms    ,NC_O,,,,,,
sembrada,{224907},sembrada,nfs    ,NC_A,,,,,,
sembrado,{75773},sembrado,nms    ,NC_O,,,,,,
sena,"{123451, 59739, 91326, 38142}",sena,nfs    ,NC_A,,,,,,
seno,{80345},seno,n,NC_O,,,,,,
sensuntepecana,{2940875},sensuntepecana,nfs    ,NC_A,,,,,,
sensuntepecano,{2940876},sensuntepecano,nms    ,NC_O,,,,,,
sentra,{162718},sentra,n,NC_A,,,,,,
sentro,{580176},sentro,n,NC_O,,,,,,
serena,"{125992, 142328}",serena,nfs    ,NC_A,,,,,,
sereno,"{62171, 200182}",sereno,nms    ,NC_O,,,,,,
sevicia,{118218},sevicia,nfs    ,NC_A,,,,,,
sevicio,{186749},sevicio,n,NC_O,,,,,,
sex√≥loga,{83769},sex√≥logo,nfs    ,NC_O,,,,,,
sex√≥logo,{87924},sex√≥logo,nms    ,NC_O,,,,,,
se√±a,"{105249, 30270}",se√±a,nfs    ,NC_A,,,,,,
se√±o,{141362},se√±o,n,NC_O,,,,,,
se√±orita,"{232144, 87849, 183884}",se√±orita,nfs    ,NC_A,,,,,,
se√±orito,{75668},se√±orito,nms    ,NC_O,,,,,,
se√±or√≠a,"{185752, 92277}",se√±or√≠a,nfs    ,NC_A,,,,,,
se√±or√≠o,{35052},se√±or√≠o,nms    ,NC_O,,,,,,
sierva,{49009},sierva,n,NC_A,,,,,,
siervo,"{79881, 11117}",siervo,nms    ,NC_O,,,,,,
sigla,{22095},sigla,nfs    ,NC_A,,,,,,
siglo,"{29396, 59740}",siglo,nms    ,NC_O,,,,,,
siniestra,{84968},siniestra,nfs    ,NC_A,,,,,,
siniestro,{305442},siniestro,nms    ,NC_O,,,,,,
ska,{59090},ska,n,NC_A,,,,,,
sko,{2950934},sko,n,NC_O,,,,,,
sobrinita,{130276},sobrinita,n,NC_A,,,,,,
sobrinito,{164458},sobrinito,n,NC_O,,,,,,
solana,{275217},solana,nfs    ,NC_A,,,,,,
solano,{189649},solano,nms    ,NC_O,,,,,,
soltera,{24318},soltera,n,NC_A,,,,,,
soltero,{181137},soltero,nms    ,NC_O,,,,,,
sota,{155791},sota,nms    ,NC_A,,,,,,
sotana,"{965316, 48996}",sotana,nfs    ,NC_A,,,,,,
sotano,{186761},s√≥tano,n,NC_O,,,,,,
soto,"{545114, 965323, 108766}",soto,nms    ,NC_O,,,,,,
sra,{77851},sra,n,NC_A,,,,,,
sro,{1996535},sro,n,NC_O,,,,,,
sta,{57299},sta,n,NC_A,,,,,,
sto,{115646},sto,n,NC_O,,,,,,
subsecretaria,"{216072, 53767}",subsecretaria,n,NC_A,,,,,,
subsecretario,{95828},subsecretario,nms    ,NC_O,,,,,,
suegra,{14427},suegra,n,NC_A,,,,,,
suegro,{26361},suegro,nms    ,NC_O,,,,,,
sue√±a,{92357},sue√±o,n,NC_O,,,,,,
sue√±o,{14081},sue√±o,n,NC_O,,,,,,
suma,"{150152, 55925}",suma,nfs    ,NC_A,,,,,,
sumatoria,{43402},sumatoria,n,NC_A,,,,,,
sumatorio,{224937},sumatorio,n,NC_O,,,,,,
sumo,{21819},sumo,nms    ,NC_O,,,,,,
sustituta,"{90195, 131695}",sustituto,n,NC_O,,,,,,
sustituto,"{12584, 205138}",sustituto,nms    ,NC_O,,,,,,
s√°tira,{31053},s√°tira,nfs    ,NC_A,,,,,,
s√°tiro,{124120},s√°tiro,nms    ,NC_O,,,,,,
s√≠ndica,{380186},s√≠ndico,n,NC_O,,,,,,
s√≠ndico,"{235765, 39991}",s√≠ndico,nms    ,NC_O,,,,,,
tala,"{162012, 27631}",tala,nms    ,NC_A,,,,,,
talla,{157744},talla,nfs    ,NC_A,,,,,,
tallo,"{201384, 23945}",tallo,nms    ,NC_O,,,,,,
talo,{250418},talo,n,NC_O,,,,,,
tapada,{117504},tapada,nfs    ,NC_A,,,,,,
tapado,{83590},tapado,nms    ,NC_O,,,,,,
tatarabuela,{184344},tatarabuela,nfs    ,NC_A,,,,,,
tatarabuelo,{109008},tatarabuelo,nms    ,NC_O,,,,,,
teja,{65950},teja,nms    ,NC_A,,,,,,
tejida,{190206},tejido,n,NC_O,,,,,,
tejido,"{55906, 165198}",tejido,n,NC_O,,,,,,
tejo,{91699},tejo,nms    ,NC_O,,,,,,
tercia,{175407},tercia,nfs    ,NC_A,,,,,,
tercio,"{185785, 37050}",tercio,n,NC_O,,,,,,
terna,{35396},terna,nfs    ,NC_A,,,,,,
ternera,{39200},ternera,nfs    ,NC_A,,,,,,
ternero,{56435},ternero,nms    ,NC_O,,,,,,
terno,{92750},terno,nms    ,NC_O,,,,,,
tesorera,{91628},tesorero,n,NC_O,,,,,,
tesorero,"{70105, 23821}",tesorero,nms    ,NC_O,,,,,,
te√±ida,{218928},te√±ido,n,NC_O,,,,,,
te√±ido,"{109845, 92919}",te√±ido,nms    ,NC_O,,,,,,
tia,"{95232, 155795, 30509}",tia,n,NC_A,,,,,,
tibia,"{142569, 46805}",tibia,nfs    ,NC_A,,,,,,
tibio,{102010},tibio,n,NC_O,,,,,,
tica,{116942},tico,n,NC_O,,,,,,
tico,{62205},tico,n,NC_O,,,,,,
tigra,"{265049, 231372}",tigra,nfs    ,NC_A,,,,,,
tigro,{2981122},tigro,n,NC_O,,,,,,
tila,"{124840, 188201}",tila,nfs    ,NC_A,,,,,,
tilo,"{192834, 118687}",tilo,nms    ,NC_O,,,,,,
tinta,"{116943, 95063}",tinta,n,NC_A,,,,,,
tinto,"{250437, 57759}",tinto,nms    ,NC_O,,,,,,
tio,"{22707, 53325}",tio,n,NC_O,,,,,,
tipa,"{765112, 39916}",tipa,nfs    ,NC_A,,,,,,
tipo,"{15081, 43177, 30147, 150703}",tipo,nms    ,NC_O,,,,,,
tirada,{25559},tirada,nfs    ,NC_A,,,,,,
tirado,{63612},tirado,nms    ,NC_O,,,,,,
tita,"{183430, 765127}",tita,nfs    ,NC_A,,,,,,
tito,"{128200, 134165, 179758, 66527}",tito,nms    ,NC_O,,,,,,
tolda,{77630},tolda,n,NC_A,,,,,,
toldo,{62899},toldo,nms    ,NC_O,,,,,,
toma,"{214635, 82191}",toma,nfs    ,NC_A,,,,,,
tomo,{10959},tomo,nms    ,NC_O,,,,,,
tora,"{212523, 93412}",tora,nfs    ,NC_A,,,,,,
torera,{108165},torera,nfs    ,NC_A,,,,,,
torero,"{175409, 20950}",torero,nms    ,NC_O,,,,,,
tormenta,"{57593, 6147, 131476}",tormenta,nfs    ,NC_A,,,,,,
tormento,{24266},tormento,nms    ,NC_O,,,,,,
toro,"{29604, 189678}",toro,nms    ,NC_O,,,,,,
toscana,{88982},toscana,nfs    ,NC_A,,,,,,
toscano,{265056},toscano,nms    ,NC_O,,,,,,
tota,{147174},tota,n,NC_A,,,,,,
totita,{2986206},totita,n,NC_A,,,,,,
totito,{2986207},totito,n,NC_O,,,,,,
toto,"{181153, 2986212, 2986213}",toto,n,NC_O,,,,,,
trama,"{52201, 192838}",trama,n,NC_A,,,,,,
tramo,{191259},tramo,nms    ,NC_O,,,,,,
tranca,{95725},tranca,nms    ,NC_A,,,,,,
tranco,{146373},tranco,nms    ,NC_O,,,,,,
trasera,{57854},trasera,nfs    ,NC_A,,,,,,
trasero,{20296},trasero,nms    ,NC_O,,,,,,
traslada,{125315},traslado,n,NC_O,,,,,,
traslado,{133745},traslado,nms    ,NC_O,,,,,,
trata,{38940},trata,nfs    ,NC_A,,,,,,
trato,{132105},trato,nms    ,NC_O,,,,,,
traumat√≥loga,{745107},traumat√≥logo,nfs    ,NC_O,,,,,,
traumat√≥logo,{84401},traumat√≥logo,nms    ,NC_O,,,,,,
traza,"{47672, 1450614}",traza,nfs    ,NC_A,,,,,,
trazada,{95649},trazado,n,NC_O,,,,,,
trazado,"{1450617, 67357}",trazado,n,NC_O,,,,,,
trazo,{23599},trazo,nms    ,NC_O,,,,,,
tra√≠da,{126006},tra√≠da,nfs    ,NC_A,,,,,,
tra√≠do,{118839},tra√≠do,n,NC_O,,,,,,
tribuna,"{14465, 60277, 166942}",tribuna,nfs    ,NC_A,,,,,,
tribuno,{122018},tribuno,nms    ,NC_O,,,,,,
trilla,{148007},trilla,nfs    ,NC_A,,,,,,
trillo,{135428},trillo,nms    ,NC_O,,,,,,
tromba,{86134},tromba,nfs    ,NC_A,,,,,,
trombo,{118362},trombo,nms    ,NC_O,,,,,,
trompa,{218942},trompa,n,NC_A,,,,,,
trompo,{55321},trompo,nms    ,NC_O,,,,,,
trona,{223410},trona,nfs    ,NC_A,,,,,,
trono,{300092},trono,nms    ,NC_O,,,,,,
tumba,{101026},tumba,nfs    ,NC_A,,,,,,
tumbo,{126011},tumbo,nms    ,NC_O,,,,,,
tunera,{300095},tunera,nfs    ,NC_A,,,,,,
tunero,{325094},tunero,n,NC_O,,,,,,
t√°ctica,"{13666, 250413}",t√°ctica,nfs    ,NC_A,,,,,,
t√°ctico,{82710},t√°ctico,nms    ,NC_O,,,,,,
t√©cnica,{163789},t√©cnica,nfs    ,NC_A,,,,,,
t√©cnico,{218923},t√©cnico,nms    ,NC_O,,,,,,
t√©rmica,"{161007, 116383}",t√©rmica,n,NC_A,,,,,,
t√©rmico,{219620},t√©rmico,n,NC_O,,,,,,
t√≠a,{83258},t√≠a,n,NC_A,,,,,,
t√≠o,{59708},t√≠o,nms    ,NC_O,,,,,,
t√≥nica,{26645},t√≥nica,nfs    ,NC_A,,,,,,
t√≥nico,{57910},t√≥nico,nms    ,NC_O,,,,,,
unica,"{23265, 155507}",unica,n,NC_A,,,,,,
unico,{91179},unico,n,NC_O,,,,,,
urinaria,{325117},urinaria,n,NC_A,,,,,,
urinario,{135434},urinario,nms    ,NC_O,,,,,,
usa,{930327},usa,n,NC_A,,,,,,
uso,"{78341, 15366, 58119, 21195, 20885}",uso,nms    ,NC_O,,,,,,
usurera,{190738},usurero,n,NC_O,,,,,,
usurero,"{132728, 187731}",usurero,nms    ,NC_O,,,,,,
vacuna,{95068},vacuna,nfs    ,NC_A,,,,,,
vacuno,"{58484, 61550}",vacuno,nms    ,NC_O,,,,,,
valenciana,{152474},valenciana,nfs    ,NC_A,,,,,,
valenciano,{51536},valenciano,nms    ,NC_O,,,,,,
vampira,{191757},vampiro,n,NC_O,,,,,,
vampiro,{107101},vampiro,nms    ,NC_O,,,,,,
vara,"{110808, 159678, 127678}",vara,nfs    ,NC_A,,,,,,
varo,{128732},varo,n,NC_O,,,,,,
vecina,"{181624, 11425}",vecina,n,NC_A,,,,,,
vecino,"{125491, 5037}",vecino,nms    ,NC_O,,,,,,
vela,{49497},vela,nfs    ,NC_A,,,,,,
velo,"{161700, 12316}",velo,nms    ,NC_O,,,,,,
venera,"{219652, 490102}",venera,nfs    ,NC_A,,,,,,
venero,{230596},venero,nms    ,NC_O,,,,,,
venta,"{41514, 50546}",venta,nfs    ,NC_A,,,,,,
vento,"{176712, 325145, 183447}",viento,n,NC_O,,,,,,
verba,{135042},verba,nfs    ,NC_A,,,,,,
verbo,{20865},verbo,nms    ,NC_O,,,,,,
verga,"{176713, 22627}",verga,nfs    ,NC_A,,,,,,
vergo,{159069},vergo,n,NC_O,,,,,,
veterinaria,"{38049, 59123, 325155}",veterinaria,nfs    ,NC_A,,,,,,
veterinario,"{77080, 126552, 13637}",veterinario,nms    ,NC_O,,,,,,
vicaria,{1115359},vicario,n,NC_O,,,,,,
vicario,"{52308, 212551}",vicario,nms    ,NC_O,,,,,,
viceministra,"{51648, 231419, 166580}",viceministra,n,NC_A,,,,,,
viceministro,{75626},viceministro,nms    ,NC_O,,,,,,
vicesecretaria,{133751},vicesecretaria,nfs    ,NC_A,,,,,,
vicesecretario,{59918},vicesecretario,n,NC_O,,,,,,
vieja,{10811},vieja,nfs    ,NC_A,,,,,,
viejita,{38120},viejita,n,NC_A,,,,,,
viejito,"{37877, 530285}",viejito,n,NC_O,,,,,,
viejo,"{219656, 5743}",viejo,nms    ,NC_O,,,,,,
virtuosa,{133551},virtuosa,nfs    ,NC_A,,,,,,
virtuoso,{42537},virtuoso,nms    ,NC_O,,,,,,
visa,"{62700, 30388, 6047}",visa,nfs    ,NC_A,,,,,,
viso,{121402},viso,nms    ,NC_O,,,,,,
viuda,"{14840, 146643}",viuda,nfs    ,NC_A,,,,,,
viudo,{56218},viudo,nms    ,NC_O,,,,,,
voluntaria,{53883},voluntaria,n,NC_A,,,,,,
voluntario,"{490177, 20643, 157060}",voluntario,nms    ,NC_O,,,,,,
vuelta,"{20680, 265117}",vuelta,nfs    ,NC_A,,,,,,
vuelto,{50798},vuelto,nms    ,NC_O,,,,,,
xa,{1777052},xa,n,NC_A,,,,,,
xo,{111037},xo,n,NC_O,,,,,,
zafira,{1345594},zafira,nfs    ,NC_A,,,,,,
zafiro,{84279},zafiro,nms    ,NC_O,,,,,,
zamba,{152488},zamba,nfs    ,NC_A,,,,,,
zambo,{188729},zambo,nms    ,NC_O,,,,,,
zanca,{490279},zanca,nfs    ,NC_A,,,,,,
zanco,{1345656},zanco,nms    ,NC_O,,,,,,
zapata,"{78507, 213947}",zapata,nfs    ,NC_A,,,,,,
zapato,"{164850, 15055}",zapato,nms    ,NC_O,,,,,,
zorra,{38456},zorra,nfs    ,NC_A,,,,,,
zorro,"{27496, 95569}",zorro,nms    ,NC_O,,,,,,
¬Ñbuena,{3458542},¬Ñbuena,n,NC_A,,,,,,
¬Ñbueno,{2466588},¬Ñbueno,n,NC_O,,,,,,
¬Ñesta,{2466597},¬Ñesta,n,NC_A,,,,,,
¬Ñesto,{3458560},¬Ñesto,n,NC_O,,,,,,
¬®ama,{3456049},¬®ama,n,NC_A,,,,,,
¬®amo,{3456058},¬®amo,n,NC_O,,,,,,
¬®busca,{2465821},¬®busca,n,NC_A,,,,,,
¬®busco,{2465822},¬®busco,n,NC_O,,,,,,
¬®deja,{3456309},¬®deja,n,NC_A,,,,,,
¬®dejo,{3456315},¬®dejo,n,NC_O,,,,,,
¬®la,"{134842, 183486}",¬®la,n,NC_A,,,,,,
¬®lo,{3456661},¬®lo,n,NC_O,,,,,,
¬®otra,"{3456832, 2466027}",¬®otra,n,NC_A,,,,,,
¬®otro,{3456834},¬®otro,n,NC_O,,,,,,
¬®paga,{3456842},¬®paga,n,NC_A,,,,,,
¬®pago,{3456843},¬®pago,n,NC_O,,,,,,
¬®punta,{3456957},¬®punta,n,NC_A,,,,,,
¬®punto,"{3456958, 3456959}",¬®punto,n,NC_O,,,,,,
¬∞la,{2467039},¬∞la,n,NC_A,,,,,,
¬∞lo,{3460154},¬∞lo,n,NC_O,,,,,,
¬∞nica,{3460168},¬∞nica,n,NC_A,,,,,,
¬∞nico,{3460169},¬∞nico,n,NC_O,,,,,,
¬∞stica,{3460181},¬∞stica,n,NC_A,,,,,,
¬∞stico,{3460182},¬∞stico,n,NC_O,,,,,,
¬±era,{2466881},¬±era,n,NC_A,,,,,,
¬±ero,{3459654},¬±ero,n,NC_O,,,,,,
¬¥anda,{2466269},¬¥anda,n,NC_A,,,,,,
¬¥ando,{3457575},¬¥ando,n,NC_O,,,,,,
¬¥buena,"{3457634, 2466286}",¬¥buena,n,NC_A,,,,,,
¬¥bueno,{3457636},¬¥bueno,n,NC_O,,,,,,
¬¥camina,{2466291},¬¥camina,n,NC_A,,,,,,
¬¥camino,{3457647},¬¥camino,n,NC_O,,,,,,
¬¥esta,{3457810},¬¥esta,n,NC_A,,,,,,
¬¥esto,{1120629},¬¥esto,n,NC_O,,,,,,
¬¥la,{270178},¬¥la,n,NC_A,,,,,,
¬¥lo,{3458011},¬¥lo,n,NC_O,,,,,,
¬¥nuestra,{2466437},¬¥nuestra,n,NC_A,,,,,,
¬¥nuestro,{3458098},¬¥nuestro,n,NC_O,,,,,,
¬¥otra,{3458128},¬¥otra,n,NC_A,,,,,,
¬¥otro,{3458130},¬¥otro,n,NC_O,,,,,,
¬¥santa,{3458343},¬¥santa,n,NC_A,,,,,,
¬¥santo,{2466517},¬¥santo,n,NC_O,,,,,,
¬¥toma,{3458418},¬¥toma,n,NC_A,,,,,,
¬¥tomo,{2466554},¬¥tomo,n,NC_O,,,,,,
¬¥¬¥a,{1120620},¬¥¬¥a,n,NC_A,,,,,,
¬¥¬¥o,{3457443},¬¥¬¥o,n,NC_O,,,,,,
¬¥¬¥ya,{2466245},¬¥¬¥ya,n,NC_A,,,,,,
¬¥¬¥yo,{1015858},¬¥¬¥yo,n,NC_O,,,,,,
¬¥√©sta,{2466347},¬¥√©sta,n,NC_A,,,,,,
¬¥√©sto,{3457817},¬¥√©sto,n,NC_O,,,,,,
¬¥√∫ltima,{3458446},¬¥√∫ltima,n,NC_A,,,,,,
¬¥√∫ltimo,{2466561},¬¥√∫ltimo,n,NC_O,,,,,,
¬Ωblica,{1120699},¬Ωblica,n,NC_A,,,,,,
¬Ωblico,{3460975},¬Ωblico,n,NC_O,,,,,,
¬Ωrica,{1015906},¬Ωrica,n,NC_A,,,,,,
¬Ωrico,{2467357},¬Ωrico,n,NC_O,,,,,,
¬Ωstica,{2467359},¬Ωstica,n,NC_A,,,,,,
¬Ωstico,{2467360},¬Ωstico,n,NC_O,,,,,,
¬Ωtula,{3461036},¬Ωtula,n,NC_A,,,,,,
¬Ωtulo,{3461037},¬Ωtulo,n,NC_O,,,,,,
¬æla,{2467364},¬æla,n,NC_A,,,,,,
¬ælo,{3461051},¬ælo,n,NC_O,,,,,,
√°nima,"{1615960, 64683}",√°nima,nfs    ,NC_A,,,,,,
√°nimo,"{250621, 191343}",√°nimo,n,NC_O,,,,,,
√±a,{191627},√±a,nfs    ,NC_A,,,,,,
√±o,{162968},√±o,nms    ,NC_O,,,,,,
√≥ptica,"{12292, 25205}",√≥ptica,nfs    ,NC_A,,,,,,
√≥ptico,"{805181, 127054}",√≥ptico,nms    ,NC_O,,,,,,